name,gender,age,departureAirport,destinationAirport,travelReason,waitTime
Gretchen Spedding,Female,50,KMT,TLZ,studying,9
Drusy Bonwell,Female,25,SFI,MBX,work,10
Galina Savery,Female,37,AAC,PAP,migration,11
Belita Phlippi,Female,25,KMB,VCS,work,1
Baily Brockelsby,Male,35,LGN,ULA,migration,7
Corabel Storrar,Female,36,FTA,INK,vacation,7
Ogden Whiteley,Male,34,ZUD,WIE,turism,9
Pepe Redihalgh,Male,48,GZM,HAS,turism,2
Paxton Bellfield,Agender,44,JCR,LAB,vacation,4
Birgit Clem,Female,33,TUI,BLM,vacation,3
Selinda Hanner,Female,28,BLZ,CIF,studying,11
Dacia Blondelle,Bigender,41,MDO,YJS,turism,8
Adria Braddick,Female,44,YGV,CDP,turism,9
Donaugh Meads,Male,48,YPS,MHU,turism,9
Haskell Toolin,Male,46,CNB,TMU,migration,8
Morly Grisdale,Male,27,OGG,PRS,migration,1
Tara Rampton,Female,40,OEA,SIU,vacation,6
Mace Linkin,Male,32,DIU,LZN,work,1
Weider Newall,Male,34,BKX,YNS,work,3
Lulita Jopling,Female,42,GSR,KMW,migration,2
Carlene Southernwood,Female,39,0,PVH,work,9
Greg Escritt,Male,42,KOT,BSK,vacation,9
Joel Kerans,Male,30,JAS,MDT,migration,9
Enrica Sinnett,Female,27,NDL,KHH,work,8
Pat Tamlett,Female,30,YHM,MHD,studying,4
Isaac Spataro,Male,37,FAR,KYX,vacation,11
Tine Joynes,Female,45,EKX,NPO,vacation,3
Bail Cowpertwait,Male,48,DBM,EVE,studying,2
Willy Yard,Female,39,MCX,BQW,vacation,5
Gustavo Connor,Male,39,CEL,TVY,work,12
Cort Will,Male,39,KEW,AAC,work,8
Puff Esch,Male,40,TAP,WEH,turism,2
Yorker Hake,Non-binary,39,UGT,FFT,vacation,8
Sanford Izatt,Male,34,TAL,SYV,work,8
Elsinore Esche,Female,46,MFP,NBW,turism,8
Jennica Pinfold,Female,28,QSZ,TIU,work,7
Alard Sewley,Male,44,OVG,OHA,migration,2
Broderic Josefsson,Male,37,NGX,TLB,work,2
Carly Gronow,Male,26,NAY,ERA,vacation,12
Ansell Chesser,Agender,38,BSO,GTN,studying,7
Laetitia Folley,Female,28,DIN,UJE,work,4
Walden Gard,Male,36,BVF,SIA,vacation,8
Merrilee Enns,Female,32,BWP,AUC,vacation,10
Carolynn Pirt,Female,39,VNO,ORW,studying,7
Mitch Mayoh,Male,48,VNY,AYI,vacation,11
Franny Shewon,Female,44,YZV,BLD,studying,6
Brennan Carlesso,Male,47,ZFA,WKF,work,10
Curr Boyson,Male,38,YYD,HUI,migration,3
Bartie Latchford,Male,26,LSC,LDZ,vacation,2
Prisca Moulder,Female,30,DNR,KFE,migration,11
Hammad Mathe,Male,30,BPC,OSH,migration,4
Randal Basten,Male,47,JDZ,GIU,studying,10
Lydie Doudny,Female,41,SKR,DHA,work,5
Artair Nijssen,Male,37,VST,QEO,work,6
Florenza Palley,Female,48,DCG,YBJ,studying,3
Tiffie Thornley,Genderfluid,46,ZAA,TRL,vacation,10
Dale Olijve,Female,45,PAK,TKU,studying,7
Petey Eastcott,Male,43,JAT,PGZ,work,12
Ethelbert Fricker,Male,32,UTR,SYO,migration,2
Cori Bernat,Female,37,WJU,BOJ,work,1
Bret Dugdale,Male,31,CNN,PVO,turism,7
Odetta Paiton,Female,39,CRM,KMK,migration,6
Cindie Blanchflower,Female,28,DYL,BCK,work,5
Delia Costy,Female,28,GWA,IQN,migration,3
Welbie Jeannesson,Male,46,YER,CUT,migration,6
Brannon Ragborne,Male,49,ETN,KAN,studying,6
Velvet Gerb,Female,47,RML,PUI,vacation,8
Ysabel Kinneally,Female,42,0,EYW,migration,9
Saraann MacGregor,Female,50,MEK,GUS,work,2
Yetty Eskrigge,Female,38,PNL,ZAG,vacation,4
Ethelred Kitchingman,Male,43,ANX,YQD,turism,12
Ky Carbry,Male,40,IAS,JSH,vacation,4
Abra Solloway,Genderqueer,42,KZC,LPI,migration,11
Bendicty Bonifant,Agender,33,WJU,NPL,work,4
Celie Filippello,Female,31,DCF,UMU,vacation,12
Anabel MacMillan,Female,46,MOD,LHA,vacation,1
George Cordon,Male,38,RFP,WHP,work,3
Blinny Swanbourne,Female,48,INS,BCU,migration,7
Richy Conre,Male,47,GHT,QDB,studying,2
Ag Clements,Female,45,PET,ZAD,turism,11
Alric Orrin,Male,31,CYS,YXJ,studying,4
Lise Guly,Female,40,WUT,NEG,migration,5
Randy Culshew,Female,46,VAP,FVM,vacation,3
Rogers Handaside,Male,26,LEK,PND,work,7
Gwyneth Croxon,Female,27,LBU,MDK,turism,9
Evyn Ambrogini,Agender,29,GGR,BEJ,work,10
Hubie McKitterick,Male,40,YMV,BLX,studying,5
Gnni Lissandrini,Female,42,YQL,BBD,turism,10
Tadeas Perrycost,Male,47,SWR,AQA,migration,8
Cristi Levett,Non-binary,35,WFI,RSX,turism,9
Rolph Kiloh,Male,44,MDV,SUL,turism,12
Aguste Nutter,Male,33,VIJ,PHG,work,7
Alena Scadding,Female,26,CKO,KPS,migration,6
Ralina Willgress,Female,36,DLH,ELZ,turism,4
Rurik Bergeau,Male,41,COD,TNT,vacation,10
Hatty Ratt,Female,36,DRW,BAE,turism,4
Valene Squelch,Female,32,AIP,LEX,work,4
Gerick Milam,Male,38,FLF,AZG,migration,8
Odelle Culy,Female,41,SOG,LKD,migration,6
Winny Milner,Male,44,PRW,NPU,migration,10
Dom Saur,Genderqueer,30,DHN,LRG,studying,10
Thurston Kirwin,Male,48,ABU,SWD,vacation,12
Jock Chettoe,Male,29,JUZ,MRO,turism,6
Rubetta Sconce,Genderfluid,33,LEO,LKV,migration,4
Farrel Bootland,Male,37,BSK,LFK,turism,7
Bartie Pickett,Male,40,SKP,MRE,vacation,1
Melodee Beadnell,Female,30,SWX,ULB,migration,8
Jeanette Wayland,Female,47,YPW,TRG,vacation,6
Marten Chugg,Male,37,HMG,NDR,migration,12
Rorie Jachimiak,Female,32,NLE,EVE,migration,3
Charlie Fyfe,Male,48,JDZ,RAN,turism,8
Mireille Jeratt,Female,49,KED,KEH,vacation,3
Stanly Mackerel,Male,33,PDG,GPB,studying,11
Minta Comusso,Female,43,DEX,LOE,work,11
Mireille Atheis,Female,46,BIE,MCA,migration,6
Josee D'Antuoni,Female,41,UEO,DZN,turism,3
Findley Pires,Male,40,WCR,NZY,turism,10
Giacopo Woollin,Male,50,GMN,TBK,studying,8
Christoph Mathon,Bigender,34,AOI,MQH,migration,2
Hobey Daveridge,Male,28,PQQ,BJU,work,12
Adelheid Hathway,Female,28,MCD,GSI,work,3
Leonhard Caghan,Male,37,YEY,POM,migration,5
Kerk Donaher,Male,38,NHZ,NKC,vacation,12
Hagen Cartman,Male,38,GLH,BUM,vacation,3
Petra Frazier,Female,40,PPK,SON,work,12
Alverta Castilla,Female,37,HEB,BVV,migration,1
Reade Barde,Male,27,PSD,ORF,migration,5
Malvina Orpen,Female,36,TAL,EIN,work,2
Emili Sterrie,Female,30,KAP,RJI,turism,4
Stella Leng,Female,44,CJF,MPT,studying,12
Ezmeralda Pree,Female,43,MOO,PCR,studying,12
Annissa Blacket,Female,45,MAJ,BMI,work,5
Suellen Pickavance,Female,44,CYS,AUH,vacation,6
Gerardo Kenrat,Male,31,LYO,MUS,studying,6
Helli Foxen,Female,40,YEI,MAN,migration,12
Renato Willgoose,Male,37,CMB,HGS,studying,4
Isobel Simukov,Female,26,RAT,RFP,work,10
Tymon MacCaughen,Male,35,DHG,BCJ,work,8
Fawne Logie,Female,39,QID,LBI,studying,4
Auguste Guilayn,Female,48,MZA,SNH,turism,11
Manolo Feek,Male,37,NAK,KES,vacation,4
Brandea Cavee,Female,49,YWS,TIR,vacation,11
Raffaello Totton,Male,25,KJA,YBF,work,7
Otha Cobden,Genderfluid,40,DRW,WMC,studying,12
Tristan Millis,Male,31,DGD,MTX,vacation,7
Den Grenkov,Male,29,XAB,YHO,turism,3
Barbi Goodnow,Bigender,38,KIS,WUU,studying,9
Cordelia Mattecot,Female,25,PKT,WGU,turism,8
Wit Heelis,Male,35,YMJ,DUD,work,5
Sidonnie Lowless,Female,42,ORR,DTN,work,3
Wolfie Ottawell,Male,41,RMY,LEX,turism,11
Sanson Dawdary,Male,38,PBT,LRR,studying,7
Brandi Gergher,Female,27,BLO,MXU,studying,7
Cleon Webber,Genderfluid,40,KXE,BJM,studying,10
Flori Dyson,Female,45,IAD,HIO,vacation,6
Trista James,Female,39,ARK,EAS,work,9
Wilden Ash,Male,48,OLA,EDN,vacation,11
Ambrosi Slyvester,Male,34,YOD,SCK,turism,2
Rickert Domnin,Polygender,50,NQA,UVO,studying,11
Raychel Bartles,Female,37,SGH,KLE,work,1
Caesar Saville,Genderqueer,26,RKP,TFL,turism,3
Cynde Godmer,Female,38,BRO,CTS,work,2
Issie Ife,Female,44,CBH,ONB,studying,1
Fons Finey,Male,27,XBN,HAU,studying,7
Lewiss Beechcraft,Male,44,LOU,RBF,migration,10
Salomone Poley,Male,48,KCM,NUX,vacation,6
Linnell Symers,Female,45,JRA,TNP,studying,7
Eward McRamsey,Male,42,KLJ,AUN,vacation,2
Benedick Heindle,Male,28,TIL,BBP,studying,3
Mercie Kliche,Female,36,0,NBE,vacation,12
Loreen Sharpin,Female,42,SXA,KWP,turism,12
Giffer Dowrey,Male,38,LDU,CHQ,vacation,3
Bendix Handling,Male,40,PKV,MCK,work,7
Leda Fudge,Bigender,44,INZ,CME,turism,8
Tonie Kemball,Female,50,AMI,VAV,studying,6
Chip McAnalley,Male,37,JHW,TUX,turism,2
Fey Storie,Female,49,SMP,GEB,studying,12
Mathilde Dummigan,Female,36,YDQ,ICK,turism,11
Arlen Rue,Female,41,SMQ,MGY,turism,5
Deonne Dacca,Female,38,YES,BHO,work,11
Godfrey Birtwell,Male,50,LYX,IQM,turism,1
Murry Tredget,Agender,28,JOP,SJY,migration,10
Johnathon Yakunikov,Male,37,MNK,GRF,migration,7
Maurise Broomhead,Male,39,BEB,HBE,turism,6
Sallyann Kellaway,Female,27,CIO,LDE,migration,8
Rebekkah de Clercq,Female,47,HPB,PCQ,vacation,10
Allianora Gauche,Female,29,KCT,KKA,studying,10
Dee dee Wilder,Female,45,SUA,GVR,migration,1
Atlanta Manson,Female,39,DGM,PKF,studying,2
Dylan Brands,Male,35,AJY,INZ,vacation,5
Elinore Hurburt,Genderqueer,40,FGI,KBW,vacation,7
Cariotta Hobbert,Female,47,DON,NDF,studying,2
Laurette Gasgarth,Female,40,CLU,AEI,work,11
Rennie Pedersen,Female,44,RHE,PNG,migration,5
Linnet Aherne,Female,45,VPN,QPA,work,7
Brandie Ayliff,Polygender,38,KSA,BWG,studying,4
Sibel Shute,Female,39,KCZ,WAJ,work,5
Gertie Bathersby,Genderqueer,41,GUH,MVF,studying,6
Rutger Santorini,Male,26,ERQ,WAH,studying,11
Bebe Birchenhead,Female,35,TCL,JMU,vacation,11
Brandtr Beany,Male,45,WGO,RDB,migration,2
Simeon Bowsher,Male,32,TGR,PNK,turism,7
Andriana Ambrogioli,Polygender,25,EGX,AKY,migration,10
Pansie Glowinski,Genderqueer,26,SJW,SVX,work,10
Trumann Dickin,Male,30,QUG,BRE,work,10
Augustin Chartre,Polygender,30,0,EAN,studying,11
Daryn Follet,Female,36,DMD,YTG,work,4
Dreddy Hurkett,Female,31,MAP,IFJ,work,4
Ramsey Maudlen,Male,31,NIT,RKE,studying,11
Emili Baxter,Female,50,SEX,LIQ,work,9
Berenice Meekins,Female,32,RJH,PJB,turism,5
Curry McAviy,Male,32,ZFW,KBN,migration,1
Jenny Grushin,Female,35,DBN,PMI,studying,2
Raymond Heather,Male,42,NCI,RIL,migration,7
Hobie Van de Castele,Male,26,TGK,MFK,turism,12
Ammamaria Skeggs,Female,28,CTM,ATY,studying,2
Maiga Fitt,Female,30,YXN,DUF,vacation,10
Lenard Poles,Male,26,TBY,LYG,studying,12
Kip Dronsfield,Female,37,CBI,PST,migration,6
Essa Merring,Female,35,TBW,ELR,vacation,9
Butch Bulward,Male,38,GHU,XAL,studying,6
Austin Wilce,Female,39,GKN,CCG,studying,6
Myrtice Badby,Female,46,TFI,CIF,work,1
Marj Emney,Female,33,QGP,YJT,work,9
Kelvin Brownsea,Male,47,DZI,POS,turism,1
Martie Willoughey,Genderfluid,45,JIQ,LCY,work,9
Marcelle Boullin,Female,43,MZP,ZYI,migration,1
Oran Garnul,Male,25,EPG,OZP,migration,3
Bordie Aidler,Male,49,CKZ,TIW,turism,6
Regan Bridgeland,Female,41,CAD,SIW,vacation,3
Ruby Christofor,Male,42,CJN,ACL,studying,7
Jany Reisen,Genderfluid,35,PKC,DOG,migration,9
Maire Tunesi,Female,45,QXH,EKB,turism,11
Svend Sisson,Male,26,KLK,VKS,vacation,7
Zorah Brockman,Female,27,DBO,KOH,work,8
Korney Hellwich,Female,50,SXI,UGI,studying,10
Lavena Pulhoster,Genderfluid,37,GTA,JAN,turism,5
Klaus Reubbens,Male,47,KPL,VHV,migration,8
Jessalin Stother,Female,49,SCK,DLA,work,9
Bunny Laible,Female,30,OGG,OBM,work,9
Gery Navein,Male,50,LTP,MUC,vacation,6
Aleta Riha,Female,31,MUG,POB,migration,5
Eberto Khrishtafovich,Male,48,GEG,ZJN,work,11
Nichole Naden,Female,29,REG,NYM,vacation,12
Miner Bewshea,Male,27,GUD,MJD,work,5
Herrick Wyldbore,Male,43,SGL,VCS,studying,4
Berky Bussons,Male,44,EGP,BWH,vacation,6
Danny Nagle,Male,34,PCQ,TNR,vacation,4
Sharia Bilney,Female,46,HTN,AEA,migration,6
Jennette Prattington,Female,48,YCT,SIF,turism,3
Fabio Whorlow,Male,36,VEE,TTR,turism,5
Ware Fordyce,Male,27,ORN,PWR,turism,4
Ruby Chaise,Female,45,NSE,YYE,vacation,6
Elonore Scoates,Female,48,YAH,ZLR,turism,1
Donn Blampied,Male,41,0,HSL,work,7
Amble Hake,Male,42,PMO,MSM,vacation,2
Lorain Elmar,Female,49,BQV,PLD,work,11
Karlen Brisco,Female,42,SHS,CPM,studying,12
Amity Hixley,Female,36,KLS,LMC,turism,3
Joseph Terrington,Genderfluid,35,BLB,SXX,turism,5
Ad O'Lenechan,Male,27,MLM,BAN,work,11
Robby Willimot,Male,39,NON,PSF,migration,2
Belicia Walpole,Female,50,0,MSX,vacation,7
Ulrick Hardbattle,Male,50,VTE,ZAG,studying,5
Laurene McLugish,Female,30,AKL,KTY,migration,11
Traver Kingsman,Genderfluid,25,MVD,MZU,vacation,9
Prentice Priter,Male,27,YDQ,LDO,migration,11
Godard Hriinchenko,Male,50,SXL,TAM,studying,5
Putnem Schulken,Genderqueer,48,HNE,GHK,studying,12
Field Farnin,Male,37,WET,BRB,migration,11
Indira McCarty,Female,48,BOC,ROV,migration,6
Fletch Dykes,Male,31,KRW,IGH,turism,9
Austin Coraini,Male,36,LVM,REW,vacation,2
Olivie Elstob,Female,41,BVU,NAJ,studying,5
Georgeanna Strippel,Female,43,TPT,NRK,vacation,7
Nicolea Dewicke,Female,27,IVC,PCL,work,8
Zaccaria Puffett,Male,46,SSA,SYQ,vacation,6
Bettina Scally,Female,38,ZZO,DLD,vacation,7
Robinia Real,Female,30,BYL,BHS,migration,9
Shelton Hugett,Male,32,MEP,QLP,studying,11
Doretta Mounfield,Bigender,27,EOR,EBA,migration,12
Cletis Skiplorne,Male,35,BQI,IMI,studying,6
Laraine Tape,Female,42,TGQ,CQT,turism,11
Eleanore Eagle,Female,43,REP,KSC,work,6
Neysa Millin,Female,44,ZCN,SIG,work,10
Gay Blader,Female,27,PHS,JYR,studying,9
Puff Castro,Male,36,RNP,KLX,migration,12
Maurita Heining,Female,27,LGF,BWG,studying,6
Fletch Leeves,Male,29,CGJ,DUG,studying,9
Alex Maxwaile,Female,44,OSH,KIT,migration,2
Midge Darington,Bigender,44,FMI,PVE,work,4
Madlin Bullocke,Female,46,SBR,KCZ,migration,3
Bettine Geraghty,Female,39,AGL,YTA,migration,7
Simeon Cogley,Male,35,GFR,TNS,vacation,9
Aldin Batistelli,Male,26,TVY,LLW,migration,5
Miranda Gennrich,Female,46,ANP,TCT,turism,8
Sigfried Goudard,Male,47,MNM,GPD,studying,7
Salomone Victory,Male,25,COE,HAZ,studying,8
Rois MacManus,Female,25,LGO,VJB,work,5
Janet Perel,Female,38,TIL,YKG,migration,11
Nevin Kinge,Genderfluid,43,SZH,YMW,turism,6
Deirdre Hundey,Female,38,BNI,KOA,vacation,3
Gilda Gaffon,Female,50,SAH,OGL,turism,5
Graeme Lidell,Male,28,RUG,KTT,vacation,5
Ailey Ishchenko,Genderqueer,40,MSQ,FSI,vacation,2
Wilt Barbier,Male,25,YAJ,HHP,turism,11
Carolyne Lunnon,Female,33,JMJ,RNS,migration,8
Adoree Colgan,Female,36,LNQ,HVM,turism,12
Clywd Machin,Male,49,XNN,SKO,turism,5
Leodora Mulbery,Female,31,INO,CET,migration,1
Moe Donnelly,Genderqueer,47,KYU,MEF,studying,4
Pierson Minnock,Male,36,HFF,GAD,migration,4
Benjie Kissock,Male,41,SNY,UGO,vacation,10
Patty Lyddy,Female,37,ALU,0,vacation,2
Livy O'Heaney,Female,45,SHS,ILD,turism,4
Irma Colvill,Female,46,MYJ,GRP,turism,11
Gustavus Lansdowne,Male,37,NEL,SXW,turism,12
Jereme Succamore,Male,37,GZM,SOA,vacation,10
Coleman Southam,Male,39,DDD,ZZU,work,5
Palmer Belvin,Male,27,FLV,VBA,work,12
Carina Odda,Female,39,KDB,MAO,turism,9
Kristin Piggens,Female,47,DOK,GAH,vacation,7
Carlo Sanham,Male,48,MAI,ISK,migration,5
Tina Blackaller,Female,34,PUL,FNI,migration,2
Auguste Kenryd,Female,48,WYA,KEV,vacation,11
Karia Cappel,Female,46,BZF,KEX,vacation,8
Madalyn Raffeorty,Female,29,GSC,LPS,migration,1
Fara Arlow,Female,34,IRB,SKU,vacation,9
Barrie Yanson,Female,43,MMX,BQJ,work,9
Kinna Lapthorn,Female,50,QXH,ORM,studying,4
Faye Mc Ilwrick,Female,45,EVM,MMS,migration,2
Hyacinthie Worland,Female,33,HYA,KGA,work,1
Ware Readwin,Male,34,WJR,AOD,work,4
Stesha Gronowe,Female,33,FMH,GXH,migration,12
Nobe Guiot,Male,41,BFA,BUZ,vacation,10
Hortensia Mayes,Female,26,LWE,GIB,studying,5
Donni Olivetti,Female,26,EPR,QHB,migration,5
Bevin Iskowicz,Non-binary,35,PDI,CRW,studying,3
Mathe Hayden,Male,26,KAB,ETS,turism,12
Theadora Fishbourn,Female,47,TTN,KLF,turism,8
Genny Dennington,Female,44,YCS,PAG,migration,10
Cary Kornalik,Female,49,GOU,NMG,studying,9
Felice Guesford,Polygender,30,0,SGD,studying,5
Onida Maurice,Female,29,AVI,CQM,vacation,3
Mireille Palmby,Female,27,PJC,PEU,turism,3
Maria Straun,Female,36,YIK,GPD,work,2
Mar McCurrie,Male,50,YTT,YHP,turism,10
Shela Bengtsson,Female,45,FYU,UKH,vacation,3
Daisy Wilkie,Genderfluid,30,GMD,NOT,vacation,6
Frants Ingles,Male,44,KBJ,OLJ,studying,3
Garrot Marcussen,Male,44,KSO,YMG,migration,8
Jefferey Beckerleg,Male,38,VOL,ADZ,vacation,1
Vivianne Tebbit,Female,34,RAA,BBV,migration,11
Averil Kennford,Male,29,HOQ,WSZ,turism,4
Karl Tilliards,Male,43,YMV,AFW,migration,3
Dayna Robison,Female,36,TOZ,SFZ,studying,4
Benoit Blinerman,Male,39,AGU,BMI,studying,1
Muire Gillibrand,Female,39,DPK,AAA,studying,3
Wain Ironmonger,Male,27,TAF,VNO,migration,4
Bertie Hathaway,Female,40,KLY,PNK,studying,4
Kerrin Crothers,Female,37,NBC,YYW,vacation,5
Yardley Denniston,Male,40,LAZ,CGQ,studying,2
Andres Beach,Genderfluid,27,KES,RHG,work,7
Sydney Greve,Female,45,CAT,GAJ,work,8
Newton Stapells,Male,31,RCM,NOV,turism,2
Meade Moreton,Male,33,MSP,KOD,migration,7
Caz Clist,Male,46,MEA,MJO,turism,12
Estevan Parsonage,Male,25,OLO,POX,vacation,11
Hayes Plumptre,Male,42,FHZ,TTU,turism,8
Zondra Glawsop,Female,37,NLN,GMA,studying,7
Jo Bloy,Bigender,45,NUU,ZND,studying,7
Daren Wilsone,Male,42,BMD,WBA,work,8
Juliann Goaks,Female,39,BBB,AYO,migration,2
Lyndsey Pitblado,Female,50,KBS,SEZ,vacation,5
Gherardo Paffley,Male,37,MVF,SWX,migration,5
Arther Doghartie,Male,49,DHT,ONO,work,11
Tonia Antonov,Female,25,DOE,XDJ,work,9
Clotilda Shovell,Female,35,YCM,OXF,turism,8
Somerset Squier,Genderqueer,25,HJT,NKM,migration,7
Alix Durling,Male,33,RYG,BZO,work,10
Cacilia Buller,Female,27,VCF,ADZ,studying,10
Elinore Spens,Non-binary,49,ELV,LAN,migration,6
Myca Kobierzycki,Male,39,SKS,TDX,migration,10
Robinett Filipponi,Agender,30,GUG,GBA,work,1
Bruno Beasant,Male,45,VNA,YKS,migration,10
Chrissie Delaprelle,Female,28,LIE,BPE,turism,5
Scottie Rippen,Male,27,AZA,MRG,migration,10
Marieann Shuttle,Genderfluid,47,RVT,GDW,work,12
Cass Bowden,Male,42,SJI,ELU,studying,3
Gussie Gianettini,Female,25,RVK,DCK,vacation,2
Katlin Van Castele,Female,28,HOE,LBW,vacation,8
Wilhelm Fawdrie,Male,26,YTY,HWA,studying,6
Winnah Verduin,Genderqueer,39,GMP,OLI,work,4
Sibylle Bury,Female,29,SGH,KBP,vacation,8
Audi Venton,Female,37,YFG,LCB,vacation,11
Thacher Vye,Male,45,ESO,SUO,work,5
Lorain Butts,Bigender,44,CAZ,ATI,vacation,8
Berny Schops,Agender,25,AOH,TPH,migration,2
Ailee Gheorghie,Female,29,SB2,PAU,vacation,11
Earlie Sapey,Male,45,HLA,MVR,work,12
Zane Cotsford,Male,26,YJP,SWD,work,9
Franklin Sellan,Male,28,DTB,KDQ,migration,12
Vasili Simons,Male,48,RAE,BGA,turism,2
Laurence Titterell,Male,42,CNZ,WHU,vacation,12
Alvina O' Mullane,Female,49,BER,AFA,work,10
Deane Molden,Female,48,SXY,DTM,studying,4
Ammamaria Troubridge,Female,49,LEN,OGD,turism,7
Stacy Chong,Female,47,ALR,IQQ,turism,7
Derward Wathen,Agender,45,HIL,YPE,studying,12
Susanetta Blagden,Female,43,UIH,HNY,turism,7
Allen Woolfitt,Male,37,AMI,IEV,studying,10
Tommi McNaught,Female,47,ANF,SLQ,turism,8
Gerianne Bunyard,Female,39,WPA,PCM,work,10
Burch Treat,Male,46,UAR,CIA,studying,8
Nikkie Precious,Female,42,SSZ,JJN,vacation,6
Bastien Rosevear,Male,49,UTD,WWK,migration,11
Mikkel O'Rafferty,Male,38,MEO,LGI,work,5
Flint Macourek,Male,49,PBB,SPE,vacation,5
Sully McRitchie,Male,47,PRD,LDA,vacation,12
Forrester Foxwell,Male,27,HHE,FLZ,work,4
Kelwin Breinlein,Male,47,ERF,OKC,work,12
Cami Elen,Female,36,IAR,ASF,studying,2
Wainwright Bohlens,Male,27,CBK,MYS,work,7
Ynez Boyne,Female,29,MJU,UCC,work,3
Ernest Grimster,Male,29,VHZ,LAX,work,10
Renard Dwire,Male,37,BPC,ERM,work,11
Danny MacGregor,Male,27,GDQ,URB,turism,1
Nickie Enders,Male,41,GUV,IAL,studying,7
Jobie Gallifont,Female,39,MYF,SCB,vacation,12
Michaeline Longridge,Female,36,TEP,SJY,migration,10
Waylan Clemonts,Male,34,GNY,KMX,migration,12
Gracia Glassard,Female,33,COY,YOH,turism,6
Jocelin Wyard,Female,48,BPN,UCY,studying,5
Keelby Fishlock,Male,38,DAF,FOT,work,8
Lothario Srutton,Male,38,PAQ,FKB,work,4
Lonna Martusewicz,Female,26,HFF,GOZ,vacation,8
Tate Mesant,Male,48,EPA,MAA,migration,4
Ravid Langworthy,Male,30,SVD,IIS,vacation,11
Taylor Scawen,Male,43,GVE,TPH,vacation,5
Kaye Leghorn,Female,38,SLI,KWK,turism,1
Burg Diem,Male,50,LGE,KAE,migration,2
Cynde Salazar,Genderfluid,36,RGK,MDU,turism,5
Freida Crockatt,Female,32,RSU,MYC,vacation,4
Stu Rogerot,Male,46,0,PRX,migration,12
Lucien Ceci,Male,41,PHP,INQ,migration,9
Libbey Pearcy,Female,36,GGL,MDF,work,5
Pattie Deniske,Male,30,BOE,NDC,studying,7
Carol Fabb,Female,27,TEB,TME,studying,10
Sigismund Rosterne,Male,34,AKM,WED,work,5
Judas MacMenamy,Polygender,47,KBP,LOW,work,2
Britteny Banville,Female,50,SWF,BBU,studying,3
Leroi Struther,Male,36,BIW,CNE,migration,4
Alicea Elston,Genderqueer,45,REA,FNU,vacation,12
Donelle Vittori,Female,37,SMY,CLD,studying,9
Ginger Longrigg,Male,50,QDY,LUN,studying,1
Nyssa Heinsh,Genderfluid,33,HTZ,MDD,migration,9
Morrie Zoane,Bigender,29,MAC,WAM,turism,4
Ax Naismith,Male,48,LRU,KLI,vacation,7
Rayna Dyneley,Female,35,SVW,GRW,migration,6
Jabez Netherclift,Male,48,HHH,YDN,vacation,12
Victor Maine,Male,47,SWG,CFU,migration,9
Cara McArtan,Female,30,MPT,KPO,work,12
Colver Newbury,Male,28,DMT,GLW,vacation,4
Teirtza Cushworth,Female,48,FLA,HMJ,migration,7
Lydon Wederell,Male,40,WAG,SQD,vacation,8
Ralina Playfair,Female,49,HOO,EAT,work,11
Kurt de Guise,Male,49,DNL,YJP,work,3
Fidelio Hagan,Male,30,RQO,ASH,migration,5
Mordecai Amyes,Male,47,MWZ,JKL,vacation,11
Murray Taylorson,Male,25,TUO,IQA,studying,2
Andy Alexandersson,Male,38,JOK,MNO,vacation,8
Jacki Westraw,Polygender,44,TAM,MDB,vacation,11
Randy Lammerding,Male,45,ODO,YBC,vacation,11
Darin Leversuch,Male,39,SNO,LYA,work,12
Auberon Bankes,Male,34,UAL,GUL,turism,5
Onofredo Cockerton,Male,32,SUA,EKD,migration,12
Delia Mitie,Female,34,KVM,TAD,turism,2
Doloritas Izzett,Female,28,HAA,BLV,vacation,6
Innis Fortoun,Male,29,SBG,DVR,turism,6
Scarlet Romayne,Female,45,CAR,SUH,vacation,4
Rochelle Sive,Female,50,SIS,YQG,vacation,10
Danit Bullimore,Female,40,RKS,GID,migration,4
Koralle Gummary,Female,44,THS,KRN,migration,2
Eduard Mole,Male,36,MWJ,DCA,vacation,7
Oberon Hanny,Male,25,VHC,ESS,studying,7
Dudley Borg,Male,48,LSE,ADU,studying,1
Bryan Danilovich,Male,44,TNI,TXM,turism,10
Keefer Mingo,Male,27,NOS,SDJ,migration,7
Benny Anthoine,Male,48,OMO,SGO,vacation,2
Benedicta Umfrey,Female,43,SBS,GAJ,vacation,5
Ines Bengall,Female,45,AEP,SNM,turism,3
Verine Craythorne,Female,43,BTO,URE,turism,4
Hermy Sweeny,Male,45,PCC,OUA,studying,2
Alfonso Spillman,Male,32,TLS,YCS,vacation,1
Griff Moizer,Male,39,TAT,YTG,migration,2
Alfie Victoria,Female,32,SWA,YPI,turism,8
Spike Gronaver,Male,36,EPT,CZK,studying,6
Stevana McCaffery,Female,36,PVZ,XMY,turism,8
Ryon Somerbell,Male,34,PGI,PHN,studying,5
Archibaldo Boag,Male,30,OVR,MDT,turism,10
Henrik Nutkin,Male,31,AGY,UCB,work,9
Jermaine Regenhardt,Male,28,WGT,CCY,turism,12
Kip Bourdice,Male,45,YRJ,JBR,turism,3
Ole Danilenko,Male,45,PTW,GTG,studying,10
Lauren Stonbridge,Male,34,OAX,TDO,work,10
Phyllida Rustich,Female,41,KQT,PCO,turism,1
Candis Brickwood,Female,45,AFO,TEF,work,6
Mathe Gaither,Male,37,CID,EGL,vacation,5
Martie Whitton,Male,49,PCU,HTN,work,1
Tallou Lehrahan,Female,46,ASH,SRV,migration,7
Fred De Witt,Male,25,KRA,VPY,work,5
Chen Murrhardt,Male,32,PNU,VGA,vacation,4
Angel Varnam,Female,45,JGO,LDU,work,5
Allis Zukerman,Female,29,STQ,QUO,turism,3
Mahmud Meric,Polygender,35,ZAG,PCJ,work,11
Dore Wrankmore,Female,30,VIG,CEG,vacation,11
Kora Billin,Female,42,BZO,LUJ,turism,10
Marsh Dilawey,Male,30,IEV,MLU,migration,7
Con Lindfors,Male,32,APL,NKU,vacation,12
Elena Dommerque,Genderfluid,34,NEF,MAW,studying,6
Bevan Temby,Male,37,VGO,VQS,work,5
Timothy Farmer,Male,33,LMA,BVP,studying,11
Issiah Lawtey,Bigender,47,OOL,HDM,turism,6
Garrick Geffinger,Agender,27,ESD,TWA,vacation,2
Zahara Berrington,Female,33,YBX,MID,vacation,4
Christian Statersfield,Agender,29,ZIC,USQ,studying,3
Osbert Leyfield,Male,45,AJU,KPF,turism,4
Hernando Hudspeth,Male,37,BFC,UGT,studying,6
Priscella Saturley,Female,48,RCT,MDO,work,7
Kerby Searby,Male,31,NZE,GYM,turism,10
Far Maldin,Male,27,OUG,FRW,turism,6
Dulce Fritschel,Female,32,KOZ,MAQ,turism,4
Rodrique Scole,Male,41,TOM,PBB,studying,11
Ranice Knappen,Female,31,LNS,GUL,studying,6
Preston Ilson,Male,44,SSX,0,vacation,10
Augusto Bachshell,Male,29,PPF,0,vacation,10
Kiersten Tidmas,Female,48,MXR,GRI,studying,3
Lorry Chadwell,Polygender,42,EGX,TKF,studying,5
Darsie Ygou,Female,27,DUC,YAY,studying,1
Sinclare Flemming,Male,46,CFH,LPG,vacation,10
Munmro Demead,Male,50,PGA,BXH,work,6
Birch Pietrasik,Male,41,ANJ,PHB,migration,9
Carr Haxbie,Bigender,49,XKA,FTI,work,1
Theo Barmby,Female,46,CKI,BVM,work,10
Danit Squibbs,Female,45,MYW,RIC,work,1
Lurette Gommes,Female,32,UBJ,NAJ,turism,6
Tabatha Abramamov,Female,47,VLA,GEY,turism,1
Jammie Raw,Female,31,YBW,YEM,migration,7
Normie Whyatt,Male,33,ANJ,AZA,vacation,12
Sylvia Cuttles,Female,40,PRK,0,migration,7
Meryl Santer,Male,37,SAK,KXA,turism,4
Sim Domegan,Polygender,47,LHI,LPD,turism,2
Ezekiel Newson,Male,38,TWY,IDB,turism,9
Gussie Ickovic,Female,49,LPL,SSS,migration,1
Wit Matz,Male,39,UMU,0,studying,9
Kelsey Davidovits,Male,33,CNM,DSD,migration,5
Nicky Nisby,Female,45,GYY,GOG,studying,1
Glenna Wordsworth,Female,45,CWX,CKX,work,12
Egor Wattins,Male,39,KMR,SMO,studying,7
Wilmette Barrett,Female,33,MAW,ULB,vacation,11
Blake Masurel,Male,37,LIL,SVH,work,8
Raymond Aldcorn,Male,40,LGP,BQO,work,1
Nannette Kristufek,Female,28,ZAG,KBP,migration,7
Maribel Ash,Female,49,PCM,FIN,turism,10
Eliot Nail,Male,33,PTH,UTT,turism,8
Giovanna Driuzzi,Female,42,TRB,MOF,work,6
Bran Walder,Male,35,BAN,RMQ,turism,8
Raimundo Stairs,Male,31,0,LEA,migration,2
Port Boorne,Male,47,GAQ,AQJ,migration,9
Davie Tukesby,Male,41,CHS,EFD,studying,10
Reggie Leathem,Female,49,XJM,SHH,migration,6
Clive Hanrott,Male,28,YUT,AQB,work,4
Hadlee Rushby,Male,42,YRT,KFS,work,11
Griff Allix,Male,30,YTL,NWA,turism,7
Abdel Weddeburn,Male,30,LPG,SEU,vacation,7
Kelci Daly,Polygender,28,BYV,CMT,vacation,6
Efrem Whodcoat,Genderfluid,49,SQF,NSE,work,12
Averyl Bowcock,Female,43,TMB,SPZ,migration,12
Barty Cheshir,Male,48,EGH,CIN,studying,8
Ezmeralda Gilder,Agender,48,MCN,MJV,vacation,8
Niki Hirche,Male,40,KKW,DAU,studying,4
Arlena Shallcrass,Female,29,OHB,ONQ,turism,11
Marne Jarley,Female,47,LUF,NER,work,11
Gabie Hawsby,Female,41,YET,KSH,vacation,3
Amity Lutas,Female,33,PAX,BOA,migration,10
Victoir Fassman,Male,40,LGL,KWB,migration,4
Jenelle Lukianovich,Polygender,31,DRU,ANJ,work,12
Wilbur Pomfrett,Male,40,OIR,CCC,migration,7
Barr Frugier,Male,35,CDN,ZCO,work,12
Angil Makeswell,Female,31,JCM,LBK,studying,6
Conn Moorfield,Male,39,SFS,DIK,turism,10
Dori Mignot,Female,27,MQD,TKC,migration,4
Monte Ondricek,Male,25,KCZ,LBD,vacation,7
Ivory Wrigley,Female,43,MFR,YAG,work,11
Jeralee Fullwood,Female,41,0,IAD,vacation,2
Malanie Kilner,Female,35,IWD,SBX,studying,11
Marlene Lugsdin,Female,42,SBM,CMQ,turism,10
Jerald Carbry,Male,45,CSB,MYF,work,7
Nana Wyrill,Female,47,YZD,XYE,studying,10
Evin Potes,Male,38,QOQ,BKK,turism,9
John Harrismith,Male,42,GWV,SLC,studying,2
Lita Worstall,Female,41,QPA,UCE,studying,8
Anthony Scrivin,Male,47,RST,VAW,migration,9
Tabatha Heisman,Female,42,HOF,GGM,vacation,2
Saba Binks,Female,31,RUA,CXO,studying,4
Mitchell MacKinnon,Male,42,VVZ,TOR,vacation,5
Danika De Maine,Female,45,CVN,WWT,vacation,11
Samuel Vosper,Male,41,CZX,LOH,vacation,7
Andromache Grolmann,Female,37,NBN,IXJ,studying,8
Inglebert McMenamin,Male,26,TCP,KYP,turism,3
Dietrich Parnaby,Male,40,VDH,UVE,migration,8
Arnuad Soares,Male,27,AAP,YOI,turism,1
Kalil Guard,Male,37,YSD,TCQ,migration,12
Giffard Doubrava,Male,30,FRN,HDN,migration,3
Minnie Forryan,Female,33,VOG,CLB,vacation,1
Umberto Fender,Male,42,LRU,LRO,turism,3
Maisey Tamsett,Female,26,RZS,SWN,migration,10
Krishna Gillice,Male,38,MOJ,LZI,studying,6
Creigh Sweetlove,Male,30,MTT,SNL,vacation,6
Ginger de Courcy,Male,46,AMA,ESI,work,3
Nicolis Kubu,Male,45,MEN,MMJ,studying,5
Ferdinand Springthorp,Male,48,MMV,YSG,work,4
Galen Nester,Bigender,26,BRY,MGJ,studying,7
Dennet Busch,Male,33,PIO,QEF,studying,9
Salomi Izhaky,Female,31,OPS,LIZ,work,7
Garald Camilleri,Male,36,MHI,ULI,turism,1
Doug Vinden,Male,26,YLL,YWY,work,10
Tamar Gergolet,Female,29,KVX,TFS,work,11
Brianna Prangle,Female,39,GDW,TUH,turism,1
Nisse Jannex,Female,39,EGP,TUN,migration,11
Gerianne Betjeman,Female,32,LIM,BXL,work,11
Lorry Charpin,Male,43,KRQ,MAE,studying,2
See Southern,Male,40,IRE,KRM,turism,2
Teddy Digginson,Polygender,40,OBE,AYI,studying,10
Carmen Kerans,Female,36,BLS,CBU,turism,4
Sanson Trayes,Non-binary,33,WPU,LUT,studying,2
Florida Pervew,Female,46,WWI,INL,vacation,11
Haze Beggin,Male,42,URT,TLU,migration,3
Dot Gavrielli,Polygender,49,EDR,WAY,vacation,2
Codie Hyams,Female,34,UCC,YLK,studying,2
Shawnee Deakan,Female,47,RDT,XCH,studying,6
Amie Pettet,Female,42,GTK,PTV,turism,10
Abey Buzzing,Male,32,YNP,IXE,studying,9
Galvan Draco,Male,50,BKU,IAH,studying,1
Seamus Dougan,Male,36,PHM,CUV,turism,8
Heinrick Wyre,Male,42,PIX,QJD,work,8
Rudyard Spaight,Male,26,RYO,HTV,work,4
Augustus Linnard,Agender,47,ASA,GLK,vacation,7
Niki Boddice,Female,26,QDB,HLN,migration,2
Tersina Clissell,Female,45,BKO,JOT,migration,1
Bev Chesterman,Male,38,SZF,CQT,turism,8
Briney Lowrie,Agender,30,CND,DIY,studying,11
Aurilia Mortell,Female,45,GTP,TDW,migration,7
Ginevra Al Hirsi,Female,32,AOD,YCE,migration,2
Renaldo Wollaston,Male,45,OSC,0,work,2
Jemimah Gorick,Female,34,SFM,YKH,work,2
Ardelia Forshaw,Female,36,PTX,MDL,studying,10
Giovanni Lock,Male,38,WRB,FEK,studying,3
Ringo Cowell,Male,37,RPN,SYX,vacation,10
Anthiathia Becconsall,Polygender,35,BJM,ZGI,turism,7
Milty Rouby,Bigender,40,VCL,IXA,work,1
Rory Skoggings,Male,42,BMH,DLZ,turism,3
Waylen Treleaven,Male,49,ILU,UKS,work,4
Glenine Saurat,Female,37,YSQ,PNQ,turism,12
Talbert Boobier,Male,41,EIK,REE,work,11
Fredericka McCourtie,Female,34,CFD,YLW,migration,10
Jon Minifie,Male,30,YTF,MIB,studying,1
Noland Wilmot,Bigender,43,DND,KSM,migration,3
Madalyn Ellacombe,Female,30,SAY,VTF,turism,2
Glendon Hammarberg,Male,38,BLU,GFY,vacation,4
Ashley Kabisch,Female,34,MIY,OSD,vacation,2
Mariele Petrasek,Female,36,BDU,YPS,work,4
Valenka Founds,Female,43,POA,WBO,work,12
Nicholas McDell,Male,40,VMI,GDP,migration,8
Brett Mustill,Male,27,QEF,MDH,work,12
Arvy Cripin,Male,25,LKB,BYG,work,9
Fayina Beedle,Female,29,JUH,MNL,work,8
Hernando Kave,Male,39,BNT,YLM,work,4
Rosanna Laurentin,Female,30,MFS,HNN,studying,11
Neron Balogh,Male,49,OBE,PYC,studying,5
Anita Slocom,Female,32,FKL,KBR,work,7
Celisse Domsalla,Female,50,PRW,HYD,work,11
Fred Pickworth,Female,36,CNN,CCF,work,5
Andrei Renvoise,Female,50,ZKG,KTI,turism,6
Denys Steanson,Female,50,BXV,JWA,vacation,12
Alejandro Tatershall,Male,26,DRY,TTW,work,9
Osborn Ielden,Male,50,OUT,GLW,work,11
Winifield Webben,Male,40,JNN,LOA,migration,1
Kellby Dennison,Male,45,ZPC,GAL,vacation,6
Engelbert Klosser,Male,32,PVO,BJR,vacation,10
Son Brandli,Male,35,CEL,LNY,turism,3
Sarge Crawshay,Male,37,OYN,AML,turism,2
Lilias Blatcher,Non-binary,49,LBD,CAX,studying,4
Petronille Eriksson,Female,26,PCM,SAQ,work,5
Karon Vertey,Female,25,OYE,IPH,work,12
Shane Fawcitt,Male,48,JST,CCJ,migration,3
Clayton Daskiewicz,Male,46,0,MSH,vacation,3
Lief Byas,Male,25,ESC,TLS,work,6
Kirstyn Rabjohn,Female,32,YEG,DUT,vacation,9
Silas Sedgwick,Male,38,TIX,EGI,work,3
Kaitlyn Start,Female,35,RTY,THH,studying,1
Stormi Embery,Female,28,NMR,TKI,turism,11
Yuri Seden,Male,41,ITA,LWS,studying,5
Alikee Gwatkins,Female,26,ORD,PEF,work,11
Marsha Kincaid,Female,49,WRZ,ZFD,migration,10
Andi Bartol,Female,25,FAR,IXW,migration,6
Chery Tregian,Female,37,DRO,RIY,vacation,2
Dwain Clemont,Male,47,RUF,APH,studying,6
Perrine Fredson,Female,39,BOF,YUD,migration,9
Kristian Currey,Male,44,MAY,BLK,vacation,11
Truda Fine,Female,31,ANA,LFK,migration,10
Andrus Matusov,Non-binary,38,BXB,GDZ,vacation,4
Arlene Jodrellec,Female,38,GRG,BFS,vacation,5
Colline Crossthwaite,Female,45,NEL,EFK,studying,1
Birdie Windaybank,Female,50,MJY,AIK,vacation,9
Conny Camerello,Female,48,HJR,SNS,turism,2
Maisey Maryet,Female,46,PEF,TIU,turism,5
Francoise Riggoll,Female,28,FLG,RZA,vacation,6
Dianna Denis,Female,31,MNM,FKB,turism,6
Zorana De Francesco,Polygender,44,KRE,JNU,migration,6
Rooney Bengochea,Male,45,TFF,AJJ,migration,6
Ashely Blackly,Female,42,HEY,MGS,studying,5
Nicol Citrine,Male,29,UMI,BRV,vacation,4
Ilaire Prior,Male,37,BOD,MSV,turism,12
Aldridge Casford,Male,33,PHK,AUM,studying,2
Natal Precious,Male,27,0,DEX,studying,5
Hadria Mackrill,Female,36,CPS,ABJ,turism,12
Dermot Warsop,Male,44,YEK,MID,vacation,12
Friederike Splevin,Female,38,SIM,CMJ,work,3
Walton Jedrasik,Male,41,UPB,XRR,migration,5
Ronnie Linger,Male,33,BGU,ZUL,migration,7
Jordanna Otto,Genderqueer,43,GII,NKM,studying,11
Jase Elfleet,Male,50,VAW,ZHI,vacation,3
Kilian Penticoot,Male,35,IMG,MQN,studying,7
Tessie Meehan,Female,48,RYN,ALJ,vacation,4
Gilberte Huskisson,Polygender,43,MQH,GNA,studying,4
Nathanil Wilfling,Male,27,CEG,AHT,turism,9
Rafaelia Dupoy,Female,35,UIT,YVD,studying,9
Gina Klehn,Female,30,SQF,UNE,turism,10
Morey Townsley,Male,48,SAX,GSC,vacation,6
Currie Stenton,Male,32,WPU,FMY,turism,9
Pip Paragreen,Male,30,LTX,MTJ,studying,1
Ammamaria Dunstone,Bigender,45,MWV,SKY,vacation,1
Ines Noods,Female,37,CRY,KDY,turism,9
Lynnell Trippitt,Female,32,SWP,CWP,work,2
Norma Southernwood,Female,46,WAX,RDB,turism,12
Tandie Tschirasche,Female,39,SMA,BDO,work,12
Graig Wolsey,Male,33,DNO,TOC,work,12
Wally Beresford,Male,36,NCU,FRU,work,6
Eugen Rays,Male,41,KRH,ROH,vacation,5
Rhianna Nowill,Female,27,RBF,QDC,migration,10
Annadiana Scuffham,Female,41,LPU,VNS,migration,8
Elizabet Terne,Female,40,TSS,DYL,work,10
Rochelle Tappor,Female,30,NGF,MAY,studying,7
Terrell Tremoille,Male,33,IXK,LUR,work,1
Aubrey Pile,Female,49,AVK,NLK,work,11
Melisse Lisle,Female,41,VFA,SFA,vacation,6
Tiphani Hovert,Female,29,ZGI,0,turism,10
Nowell Williamson,Male,42,LHR,HRI,vacation,7
Ansell Kinnier,Male,42,PIO,KSC,studying,7
Skipp Base,Male,47,AFS,ABN,migration,11
Inesita Lambrechts,Female,37,UMS,MFW,vacation,7
Beale Darthe,Male,27,BPG,BAY,studying,9
Whitaker Powlesland,Male,37,GDQ,LLB,studying,11
Demetria Cardus,Genderqueer,44,TLU,ERQ,turism,6
Rosemaria Sherwood,Female,47,LGO,MAY,work,5
Saundra Passingham,Male,32,PIP,JAT,vacation,1
Sasha Do,Male,42,BKE,GRZ,work,12
Lane Bodker,Bigender,29,HVK,OTT,vacation,1
Germain Warriner,Male,49,SVS,PWL,vacation,9
Innis Tatershall,Male,47,LBQ,CRO,work,6
Chucho Raffan,Male,40,LEX,SAG,turism,8
Janos Dover,Male,46,MDJ,CAB,turism,7
Flori Chopin,Female,29,LUK,EKB,vacation,9
Aguistin Antuoni,Male,47,BDO,YTX,work,5
Theresa Ephson,Female,34,LIS,ODB,studying,7
Renado Volleth,Male,49,BSS,SCS,turism,2
Corliss Panther,Female,42,AME,LMP,studying,9
Reggis Whitfield,Male,27,KRH,REE,vacation,10
Irma Grushin,Female,42,AGQ,FEN,studying,7
Charlena Stockton,Female,36,AGL,AAZ,work,2
Theodor Zuanelli,Male,26,GST,AKP,vacation,1
Franz Hudspeth,Male,30,MEX,RAA,turism,2
Deanna Heddy,Female,37,LKU,DYG,turism,3
Moshe Hathorn,Male,34,BOP,OSD,work,1
Bellanca Francom,Female,31,NEG,MFH,work,5
Claribel Wallicker,Female,45,LDN,MXS,turism,12
Tiffany Derks,Female,32,BHJ,OLM,migration,7
Alasteir Blondell,Male,49,PHE,CSD,turism,10
Mohammed Coulman,Male,48,RFP,PGL,work,5
Valencia Gerardet,Female,30,ZHP,TEM,vacation,4
Frannie Romer,Male,36,IDN,GPZ,migration,11
Irving Le Blanc,Male,27,BFF,DIU,vacation,5
Jayme Howsley,Genderqueer,25,PZY,HUI,turism,4
Annabel Grover,Female,27,CUZ,AUS,migration,5
Nevsa Beenham,Female,44,GFF,MRK,work,5
Gavan Patrie,Male,42,MKV,KEA,migration,3
Eb Edlyne,Male,39,IHR,GCY,migration,8
Antonetta Whilde,Female,31,VMI,FIE,work,6
Dill Chesson,Male,26,CRG,DLV,studying,4
Gerry Lucock,Male,33,NBG,MIJ,migration,7
Ulrika Grasser,Female,42,WBW,MTA,turism,11
Krystyna Cinavas,Bigender,37,MQM,LUF,migration,9
Guillemette Lyle,Genderqueer,30,MMC,AOG,migration,9
Shermy Buzin,Male,25,AHC,KTF,studying,2
Burt Frangione,Male,25,RBD,SKP,work,8
Aura Conrart,Female,28,GFY,KRT,vacation,7
Jeramie Mackerness,Male,29,TBN,TXR,turism,12
Gianina Joanic,Female,42,SOW,DEE,work,12
Byrom Notley,Male,38,BHS,SHQ,vacation,11
Louisette Conti,Female,47,LSF,AOE,work,8
Adi Iacapucci,Female,48,ACX,OMD,studying,2
Garrek Reast,Male,45,OUZ,OVB,studying,11
Roobbie Rawet,Female,25,WLH,MIN,migration,12
Karrah Northcliffe,Female,27,YCG,PWQ,vacation,12
Davina Rentelll,Female,40,WGA,SHG,turism,10
Sol Lark,Genderfluid,34,SAG,PRE,work,11
Nikos Ribeiro,Non-binary,31,BIF,MPG,turism,10
Vittorio Arran,Male,28,NAL,SCF,vacation,7
Abigale Josofovitz,Agender,26,MVS,LBR,work,12
Sigvard Rustidge,Male,40,RTP,DGN,migration,8
Lidia Cridland,Female,40,PRH,OKY,work,9
Vladamir Eary,Male,46,AIK,KBB,work,2
Roseanna Sanson,Female,41,NHS,BEH,migration,1
Udale Hustler,Male,28,QRR,NGO,work,10
Werner Jenkyn,Genderfluid,37,BII,APZ,studying,9
Darius Nand,Male,49,EJH,TLR,work,3
Krystal Makeswell,Female,46,NNT,RCB,work,11
Mariska Burney,Agender,26,JMS,MTE,work,11
Margalit Lavielle,Female,40,SFR,TJI,work,10
Arabele Sperring,Female,44,YLE,RND,work,5
Catherine Claringbold,Female,37,STT,SSX,migration,1
Ramon Asplen,Non-binary,43,CFH,0,turism,1
Darlleen Oleszkiewicz,Female,37,YCD,BOG,work,3
Bobbe Sanper,Female,26,MFB,LPA,turism,11
Brandice Kreber,Female,31,MZJ,EYL,migration,2
Allyson Mellers,Agender,43,YTD,DJG,turism,3
Cris Brazer,Male,36,SIW,PNT,work,5
Odelinda Frarey,Female,49,ITI,OBC,turism,6
Nikolas Stoneman,Male,32,ELV,DNK,studying,4
Emmerich Kalb,Genderfluid,42,ATH,OAG,work,7
Sly Yeardley,Male,44,JIR,MJP,migration,3
Foss O' Shea,Male,48,OMB,ULP,work,10
Mercy Artz,Female,44,KKR,KMZ,migration,8
Bruis Godspede,Male,50,MRO,CEE,vacation,12
Garnet Meeus,Genderqueer,45,WEA,PGI,migration,3
Ari Horsfield,Non-binary,25,THV,TMC,vacation,11
Drusie Brunsdon,Female,40,MIZ,PYK,turism,6
Clement Bassano,Male,25,SGH,BHT,work,12
Lois Garham,Female,42,OVA,MGN,turism,1
Verne Geraldo,Male,26,AFN,NBL,vacation,9
Dov Glinde,Male,30,NPU,EKX,migration,12
Elisha Tarrier,Female,43,YLS,ELE,turism,2
Stormie Kaley,Female,49,BQU,PLD,work,11
Lefty Yanin,Male,48,KHK,AMF,work,10
Cherilynn Copestake,Female,34,OVB,MJZ,work,5
Harcourt Starsmeare,Male,33,EBA,FUE,studying,12
Gertruda Roche,Female,50,IML,PSO,migration,4
Hetti Ege,Female,44,XMH,MCQ,turism,1
Hebert Scrimshaw,Male,44,LWK,AHT,migration,2
Aube Stanyan,Male,36,QHR,SZV,studying,10
Merwin Rivallant,Male,30,GJM,RGR,work,12
Albertine Brittle,Female,33,TKF,PCB,migration,7
Erwin Broodes,Male,30,FNB,GLS,migration,12
Ellery Leslie,Male,50,LIG,MBM,work,1
Beverlie Gebb,Female,27,DUF,MUA,work,5
Hewe Strain,Male,43,EGO,BZN,studying,11
Anitra Pendergrast,Female,42,YQU,LSX,migration,1
Kermit Loughnan,Male,29,FID,DFI,work,7
Sherwynd Leedal,Male,25,ASC,RLT,turism,5
Kristy Gorringe,Female,40,ROS,VUS,migration,5
Sayers Graham,Male,33,OAJ,SKF,turism,5
Roddie Crysell,Male,46,RSA,BCI,migration,6
Marilin Kiehl,Female,40,YGJ,CQS,work,1
Cris Karpman,Male,26,EDQ,GWV,migration,6
Alford Mewis,Male,44,AUU,ENL,turism,12
Samaria Jelkes,Female,38,BWW,ASR,work,4
Gianna Mitford,Female,43,YFA,CTI,turism,7
Jaye McMackin,Male,45,OMD,KHU,vacation,4
Linet Milleton,Non-binary,47,BXH,AFN,work,10
Barde Valek,Male,41,VLP,GBE,migration,1
Francklin Basterfield,Male,37,IBI,ESE,studying,5
Byrom Hause,Male,28,NCE,CQS,studying,8
Sylvester Pegg,Male,32,BIW,DNH,studying,8
Kalindi Kneath,Female,34,AHH,PPN,studying,6
Phil Caudwell,Male,40,YAG,PBD,studying,10
Abraham Sabin,Male,41,ZUH,IOU,work,12
Jada Starkey,Non-binary,31,UZM,BYI,studying,3
Amity Poad,Female,25,BFS,UPB,work,3
Mark Feaver,Male,39,SRB,VRS,vacation,1
Jorge Caird,Male,42,KDP,PPD,turism,6
Pascale Von Helmholtz,Male,36,IFU,MWA,turism,12
Jonas Krzyzowski,Male,28,KVM,UAR,studying,6
Woodman Tivers,Male,27,ZIX,AMQ,studying,3
Ward Dwelly,Male,27,NZA,NCU,vacation,2
Alisun Darcy,Female,25,PSZ,EAA,studying,9
Haydon Tombling,Male,45,ASR,KHE,vacation,4
Natty Gonsalvez,Non-binary,34,AKE,GXG,studying,8
Hally Methringham,Female,38,PYR,RAG,vacation,1
Alexio Brekonridge,Male,34,BBN,DSC,studying,9
Mile Convery,Male,44,HGZ,TCL,work,11
Roxine Pamplin,Female,27,RES,ELZ,studying,4
Ulrica Blois,Female,39,CGM,AWZ,vacation,6
Casie Danilchik,Female,28,DRR,CJM,turism,10
Harman Ricardet,Male,49,FSZ,TSH,migration,8
Elvis Parnell,Male,37,SKW,JHL,turism,10
Wilhelmine Jahns,Female,41,KOW,MXA,vacation,12
Jermain Kiehl,Male,35,MZD,VGA,migration,5
Tucker Roth,Male,49,AKH,CTU,turism,11
Normie Coen,Bigender,50,MGK,SZP,studying,7
Stavros Goor,Male,26,YXI,OKV,turism,4
Pamela Toppes,Bigender,49,EVE,TKD,turism,6
Dean Blood,Male,35,QSC,ADL,migration,6
Alford Fallowes,Male,43,RSL,BWP,work,1
Donnell Skate,Male,44,ZAO,NFO,vacation,5
Row Willoughby,Female,29,CGG,WMK,work,8
Lexis Grelik,Female,43,QRA,VER,vacation,11
Nerty Cosson,Female,44,AXS,YLW,migration,4
Aundrea Farlowe,Female,37,DER,PMA,vacation,6
Dag Porcas,Male,41,BII,BUP,studying,7
Deidre Tournay,Female,48,BJP,MKS,migration,3
Dorolisa Allans,Female,46,UAC,BQJ,turism,6
Arman Linham,Male,40,KSY,IKA,work,3
Jammal Kippen,Male,47,IXE,KCO,migration,3
Car Croysdale,Male,40,FIK,IGA,studying,6
Perle De Anesy,Female,37,HAT,MSS,studying,11
Debby Soles,Female,46,DSC,DIP,migration,3
Faustine Germann,Female,32,VEL,JON,vacation,5
Lonnie Bischof,Male,36,DSE,KSQ,migration,4
Avis Lowdwell,Female,31,CGV,YCE,vacation,10
Kellby Yann,Non-binary,47,UAP,WRI,turism,4
Enid Whinney,Female,43,COR,MOF,turism,2
Drucill Oehm,Female,25,TKH,DNO,migration,5
Modesty Darnody,Polygender,36,AKK,LBX,turism,7
Eleanora Romanini,Female,35,CKL,SDS,migration,2
Eb Beahan,Male,34,MPN,WHF,migration,12
Lucila Eard,Female,50,AEQ,DDU,turism,2
Chiquita Happs,Female,45,CDI,CBY,migration,6
Helyn Eagar,Female,45,RIY,VCE,migration,11
Parker Van Son,Male,25,EBJ,SPY,work,1
Aviva Timmins,Female,25,BPM,AWB,work,11
Jack Tsarovic,Male,37,HES,PGD,turism,7
Evangelina Hiorn,Female,36,KYL,DLV,turism,7
Ashely Postan,Female,25,AMD,KKP,migration,6
Lesly Yeell,Female,41,PTO,YXQ,turism,1
Burton Pettwood,Male,25,TCH,MAU,studying,3
Annissa Lukash,Female,37,UMU,ESP,studying,10
Letta Douty,Female,38,YGY,YRM,studying,8
Lizzy Pryell,Female,31,TAH,SYJ,turism,9
Esteban Leindecker,Male,32,BGV,HWK,migration,9
Chan Anan,Male,49,VNE,WRB,migration,9
Easter Kuhwald,Female,35,TYR,TTW,vacation,7
Shaylah Mannix,Female,45,LBL,EYR,work,9
Harriette Garioch,Non-binary,33,0,WAQ,vacation,8
Batsheva Tatchell,Female,43,NHZ,JAU,vacation,5
Ilysa Glason,Female,40,IST,DRN,turism,8
Shelley Cinavas,Female,27,HFA,BNH,vacation,10
Vasilis Rubes,Male,25,NMG,LEU,work,9
Flem Gascoyne,Male,29,BVW,SOL,work,2
Siouxie Turbern,Non-binary,32,LHE,SWJ,vacation,7
Rriocard Mapowder,Male,38,LNB,SHQ,migration,5
Alden Bardwall,Male,36,NUQ,JOM,vacation,1
Merrily Plumbe,Female,30,KOM,KPV,turism,2
Viviana Ellingford,Female,27,HED,TBR,turism,3
Cammy Krause,Bigender,30,SSV,SKO,work,4
Gillan Eadon,Female,30,NCJ,MYI,migration,4
Myles Blench,Male,30,TSP,FLD,work,11
Lamar Balnave,Genderfluid,42,HGD,HFD,vacation,9
Adair Ingarfield,Male,40,DJR,AYA,work,4
Mariellen Wyon,Female,49,TXR,BSN,turism,9
Brunhilde Bigly,Female,38,SII,SNO,studying,12
Muffin Tibbotts,Male,28,MAR,KRO,work,3
Corbett Wardlow,Male,48,MMD,AVA,work,12
Bevon Ostick,Bigender,33,JTC,PLW,studying,10
Cherie Linde,Female,25,LGT,INL,turism,9
Korrie Benham,Female,50,VRN,SDM,vacation,9
Winnie Klishin,Agender,44,VTE,QCN,studying,1
Dacey Boutellier,Female,48,URI,ADF,migration,9
Izzy Francois,Genderqueer,32,PLZ,CMQ,migration,1
Tiphani Ambresin,Female,49,BWH,IAL,vacation,6
Lethia Thumann,Genderfluid,37,NGU,MGJ,turism,3
Francesco De Normanville,Male,47,HMR,UAE,work,3
Skipp Crowest,Male,38,CSZ,NPP,turism,10
Germain Ranner,Female,39,WTP,DTD,vacation,2
Lind Neno,Male,50,GAF,AJY,work,8
Creight Fahrenbacher,Male,37,XPR,CRO,studying,5
Ethelbert Dearle,Male,42,KMT,RCY,studying,12
Brenden Faber,Male,31,AXD,GVN,studying,8
Gerry Fandrey,Male,34,KSS,CZJ,vacation,8
Gratia Berdale,Female,43,BKL,KAD,work,8
Charla Taylor,Polygender,38,IRG,YXQ,turism,5
Zarah Ouslem,Genderfluid,33,QHU,ZMT,vacation,8
Fabiano Levet,Male,39,RKW,ASJ,work,6
Adolf Goforth,Male,38,YKU,DPT,turism,4
Ailis Bartholomieu,Female,41,OLS,AAO,migration,3
Inger Sussams,Male,28,KFG,SNV,migration,5
Doria Brass,Female,34,BNW,ULG,migration,3
Eddie Phelipeaux,Female,38,KSU,GVI,migration,3
Filberto Torra,Male,41,ZPC,JWN,migration,3
Malchy Gilchriest,Male,36,CEH,PDC,work,10
