name,gender,age,departureAirport,destinationAirport,travelReason,waitTime,flightDate
Larine Fitchew,Female,34,0,TPC,honeymoon,9,2024-01-23T01:03:01Z
Cyndia Brammar,Female,23,CIH,0,business trip,10,2023-12-23T06:39:11Z
Hesther Dermott,Female,31,POR,KGG,business trip,4,2024-02-21T19:10:41Z
Meagan Yeates,Genderqueer,60,FIK,LST,backpacking adventure,13,2024-02-09T04:38:57Z
Maximilianus Maven,Male,32,DGD,SKS,cultural exchange program,14,2024-03-02T16:45:56Z
Bonnie Mussett,Female,48,TAW,MSM,volunteering,12,2023-06-09T14:58:27Z
Wini Swaffer,Female,21,MAO,UHE,vacation,3,2023-10-16T19:22:21Z
Jobina Scollard,Female,30,WAK,QIQ,volunteering,13,2023-12-29T18:51:27Z
Floyd Spendley,Polygender,43,BNG,RTS,vacation,15,2024-02-08T20:34:48Z
Thebault Windaybank,Male,48,OUR,RYN,backpacking adventure,1,2023-08-18T06:53:42Z
Rodrigo Nassi,Genderqueer,24,SST,BAX,business trip,4,2023-07-24T08:04:52Z
Jonell Peppett,Female,32,YYT,DJM,vacation,9,2024-01-09T06:00:18Z
Zola Drewes,Female,29,MEF,EGX,volunteering,14,2024-01-07T17:32:18Z
Eva MacPherson,Female,32,LAZ,0,attending a conference,9,2023-10-07T22:04:26Z
Florina Bain,Genderqueer,27,ENJ,DLD,business trip,3,2023-12-11T07:37:07Z
Farley Hardesty,Male,60,SJE,UAS,cultural exchange program,10,2023-11-04T07:41:07Z
Thor Arrigo,Male,45,UAX,PUB,studying,13,2023-05-15T20:01:19Z
Husein Klugel,Male,52,KCD,BRS,attending a conference,9,2023-07-27T22:49:05Z
Shane McMylor,Female,20,YPD,HAU,studying,2,2023-10-20T10:27:44Z
Marian Sharvill,Female,35,CVE,MPO,volunteering,10,2024-02-21T11:27:09Z
Lawton Wildey,Male,29,GBT,BRG,backpacking adventure,15,2023-05-23T15:44:26Z
Talyah Rameau,Female,47,POD,BZP,studying,2,2024-04-17T15:14:01Z
Whit Gracey,Male,58,KWP,NYR,attending a conference,2,2023-08-06T07:06:26Z
Saunderson Lambird,Male,46,BGG,PUL,business trip,15,2023-07-01T02:18:12Z
Edgardo Seak,Male,40,JSJ,CUD,volunteering,1,2023-10-05T20:14:24Z
Shanan Skelding,Male,57,DNS,ZEN,studying,12,2024-02-03T17:29:24Z
Kora Asquez,Female,27,XTG,PRR,honeymoon,15,2024-01-17T14:15:01Z
Ford Novik,Male,23,ZBF,IAM,studying,7,2024-02-12T20:01:58Z
Peggie Gales,Female,29,PHM,KVM,cultural exchange program,8,2024-04-10T21:56:28Z
Willi Prebble,Genderfluid,32,DLZ,GBJ,vacation,4,2023-05-15T10:59:12Z
Ari Maciunas,Male,47,EDI,UAP,backpacking adventure,3,2023-11-30T22:29:46Z
Hobey Foskew,Male,32,TMA,KOJ,studying,7,2024-04-22T03:52:21Z
Blaine Worcs,Male,57,LZM,KSE,attending a conference,2,2023-11-21T14:05:08Z
Esme Zipsell,Female,58,UKU,MDF,attending a conference,2,2024-03-08T02:52:08Z
Jayne Huscroft,Female,47,HFF,XSB,business trip,11,2023-09-30T01:33:14Z
Clare Nears,Male,31,TBQ,LOF,cultural exchange program,1,2023-07-25T00:44:19Z
Claresta Hagart,Female,46,YAX,AEI,vacation,8,2023-06-21T21:31:32Z
Gray Ingreda,Male,31,AZG,YWG,volunteering,10,2023-10-19T10:09:22Z
Kimberli Ainley,Female,24,IRA,THX,vacation,0,2023-07-30T05:51:21Z
Archibaldo Ickovic,Male,51,DDG,BIR,honeymoon,0,2023-08-15T00:23:44Z
Jacinthe Allwood,Female,59,SFA,IQM,business trip,15,2024-04-29T22:28:07Z
Mora Innman,Female,58,HND,PTZ,honeymoon,4,2023-06-13T13:30:32Z
Bari Fladgate,Female,36,BVZ,LWR,business trip,0,2024-03-04T16:27:46Z
Dalli Peddel,Male,54,PHQ,WRN,vacation,8,2024-01-27T18:14:52Z
Foster Roch,Male,58,CCM,DHT,backpacking adventure,14,2024-02-18T15:04:58Z
Genna Winchester,Female,45,BMN,BYL,attending a conference,12,2023-07-28T01:58:13Z
Arlana Ricart,Female,22,SXU,ASF,attending a conference,13,2024-03-30T20:27:10Z
Schuyler Siveter,Male,50,BZX,WRG,business trip,12,2023-06-14T04:58:34Z
Marven Connerry,Male,39,GFF,KOY,volunteering,14,2023-07-03T00:23:31Z
Patric Grunwall,Male,59,YCE,SRN,studying,4,2023-09-14T23:58:29Z
Wain Gawn,Male,59,AMT,BRP,honeymoon,10,2024-04-29T14:34:29Z
Doyle Beddie,Male,41,AXL,KHS,volunteering,13,2023-12-03T05:07:14Z
Fons Kevane,Male,44,PPJ,ZHM,backpacking adventure,0,2023-11-05T13:30:43Z
Guthrey Duly,Male,48,SYX,WIN,business trip,7,2023-07-26T10:26:39Z
Cathee Newark,Female,26,DJO,GEE,volunteering,2,2023-07-10T09:52:18Z
Cornell Wrightem,Male,24,KHN,KJH,volunteering,3,2023-12-11T19:41:57Z
Lanna Geerdts,Female,50,KIK,KOY,backpacking adventure,6,2023-05-09T06:51:01Z
Samantha Obin,Female,49,SOR,THD,honeymoon,7,2024-04-28T19:35:01Z
Gaven Haborn,Male,51,YEC,KIJ,volunteering,4,2023-12-31T17:38:15Z
Jammal Pirozzi,Male,25,LSM,MOH,honeymoon,8,2024-01-04T05:08:30Z
Andreana Lanmeid,Female,31,SMS,MCU,volunteering,2,2024-01-21T00:04:31Z
Dawna Nesby,Female,44,MAR,TSL,backpacking adventure,13,2024-04-20T15:28:41Z
Sal Coleborn,Male,51,URN,VLU,vacation,1,2024-04-08T09:50:26Z
Grissel Rountree,Female,44,KKC,AND,studying,13,2023-06-02T01:51:31Z
Bertrando Simka,Male,41,OUR,YNY,backpacking adventure,12,2023-08-20T04:51:09Z
Gusella Basili,Female,34,SHM,BCI,vacation,7,2023-06-16T05:39:05Z
Matias O'Regan,Bigender,27,FMO,WDN,attending a conference,7,2024-04-19T14:45:43Z
Kenton Gajewski,Male,45,GLW,MGH,vacation,2,2023-08-11T07:28:09Z
Lauretta McGilmartin,Female,24,MWQ,IHU,attending a conference,15,2024-03-05T21:44:33Z
Nessy Dando,Female,39,YKS,IGR,vacation,13,2023-12-12T15:19:29Z
Ilario Thomsen,Male,28,FTX,CTY,backpacking adventure,15,2023-11-11T14:17:02Z
Jacquelin Pieterick,Female,44,LAH,KNO,business trip,3,2023-11-22T18:33:17Z
Charita Sidgwick,Female,59,VIQ,SIX,vacation,0,2024-03-26T13:05:41Z
Rusty Phython,Male,45,BZO,AIL,backpacking adventure,4,2023-12-21T02:06:48Z
Pavel Voss,Male,23,XNA,ABL,attending a conference,3,2024-03-17T17:26:32Z
Maisie Leggett,Female,58,GRK,YQI,backpacking adventure,12,2023-10-24T07:04:51Z
Randolph Velareal,Male,27,SGE,PJC,volunteering,8,2023-10-01T02:51:52Z
Jaymie De Vuyst,Male,60,CZM,PDT,backpacking adventure,12,2024-03-08T09:05:26Z
Zebulen Ingry,Male,53,ZCO,YAL,cultural exchange program,0,2023-11-07T08:28:48Z
Myrtie Lafflin,Female,58,OXD,RKY,volunteering,11,2023-10-06T23:01:31Z
Nikoletta Brawson,Female,21,TAR,APH,business trip,12,2024-02-06T11:46:28Z
Ambros Cansfield,Male,48,SAU,SGD,vacation,14,2023-10-28T23:32:07Z
Keith Freiburger,Male,29,MCA,DON,business trip,0,2024-04-07T03:06:00Z
Lynn Huggen,Male,48,MUA,CYX,studying,3,2023-05-11T16:31:34Z
Daile Lampet,Female,28,AMS,UNU,vacation,11,2023-11-15T05:00:15Z
Anatola Yakov,Female,60,ENU,BFG,honeymoon,8,2023-07-01T07:23:56Z
Gasparo Coils,Male,35,SWB,LOK,cultural exchange program,4,2023-08-24T01:27:26Z
Jemimah Pepperell,Female,59,ELD,KLW,vacation,1,2023-07-02T22:00:27Z
Simona Romayn,Female,31,SDH,CIR,attending a conference,12,2023-06-28T22:16:13Z
Carmelita Kalderon,Female,45,RMQ,PCB,cultural exchange program,11,2024-04-18T11:55:34Z
Tracey Kersaw,Male,31,YCG,AMH,vacation,7,2023-08-19T11:33:04Z
Nicol Allam,Male,53,YKG,YIC,volunteering,4,2023-05-23T15:19:44Z
Merrili Sedgefield,Female,30,JDZ,MYG,backpacking adventure,12,2024-01-22T08:20:52Z
Brannon McIlmorow,Male,27,POJ,ANC,volunteering,13,2023-07-19T18:00:31Z
Debor Rabbatts,Female,29,FEC,NBS,backpacking adventure,8,2023-08-04T04:47:27Z
Darb Ettery,Female,36,WKB,RPX,cultural exchange program,3,2023-10-06T19:22:26Z
Oralie Blevin,Female,57,FRQ,FRC,honeymoon,9,2024-01-05T08:19:56Z
Stirling Purton,Male,29,AIV,UPP,cultural exchange program,8,2024-02-28T17:26:04Z
Raynor Cartin,Genderqueer,59,CNB,VCR,business trip,11,2023-10-08T04:11:50Z
Joaquin Hansie,Male,40,NDJ,NCH,cultural exchange program,9,2023-07-03T16:12:32Z
Mildrid Trundle,Female,42,BST,JAC,attending a conference,10,2024-03-19T08:25:02Z
Courtnay Gallehawk,Male,46,TSJ,HUI,studying,10,2024-04-18T08:25:25Z
Donn Ricold,Male,54,SVD,WTS,vacation,8,2024-02-20T22:09:32Z
Dannye Crame,Female,60,OLO,WRA,studying,13,2023-12-30T05:57:05Z
Rossy Dionsetti,Male,25,AKA,KMK,backpacking adventure,4,2023-12-10T04:06:49Z
Kareem Crosthwaite,Male,47,LIV,GLX,volunteering,10,2024-03-29T20:36:10Z
Hadleigh Kochel,Male,51,KGS,DWD,business trip,4,2023-10-16T10:04:52Z
Arlinda Baude,Female,46,UAC,GMU,honeymoon,9,2024-01-17T20:06:37Z
Ruthe Hicks,Female,55,CUV,CFC,studying,13,2023-06-27T19:03:15Z
Janka Thrustle,Female,50,BUR,AFO,volunteering,11,2023-07-08T20:20:28Z
Muffin Payle,Female,46,OVG,HEA,honeymoon,15,2024-04-20T02:03:53Z
Creight Rumble,Male,30,AEU,BNY,business trip,15,2023-06-05T09:14:07Z
Josephine Kruger,Female,27,GXG,GLE,vacation,14,2023-11-30T12:10:50Z
Cully Rathbourne,Male,31,BXU,AKR,honeymoon,13,2024-04-06T04:06:42Z
Hana Gillitt,Female,46,WML,OAS,attending a conference,12,2023-06-27T08:54:22Z
Karrah Rays,Female,40,GIC,IRN,cultural exchange program,14,2023-05-11T06:33:31Z
Oby Patifield,Polygender,36,RCE,WMX,business trip,9,2023-09-07T01:12:10Z
Louis Roon,Male,36,ELE,0,volunteering,2,2023-08-28T19:07:00Z
Pail MacGragh,Genderfluid,34,SLX,TMN,honeymoon,3,2023-05-12T13:34:23Z
Patric von Nassau,Male,23,IMN,MEC,studying,9,2023-06-28T03:45:11Z
Jada Peterffy,Female,38,BTJ,DSK,volunteering,11,2023-09-01T23:49:47Z
Dougie Behnecken,Male,59,KEY,POT,attending a conference,3,2024-04-24T22:22:54Z
Theressa Cordel,Female,29,CSF,TAK,business trip,10,2024-04-27T19:27:45Z
Benni Dybald,Female,59,VNC,MYL,backpacking adventure,10,2024-04-27T15:38:36Z
Elia Dungey,Male,38,GLX,LBW,business trip,11,2023-11-12T18:25:02Z
Jolyn Fairhead,Genderfluid,42,DEI,MFD,backpacking adventure,14,2024-02-11T03:03:03Z
Carey McDell,Female,43,QRC,IFN,honeymoon,4,2024-01-04T17:30:27Z
Chloette Fenck,Female,41,ZFA,KAI,cultural exchange program,1,2023-10-01T20:08:13Z
Livvie Redman,Female,37,AZP,MAK,business trip,12,2024-04-18T13:13:24Z
Willyt McVicker,Female,20,HGA,BZS,backpacking adventure,3,2023-05-30T15:06:47Z
Merl Mapston,Female,33,DLC,KHK,cultural exchange program,3,2023-10-06T06:22:13Z
Mirella Joannic,Female,47,EDQ,CCT,business trip,8,2023-06-08T16:07:31Z
Dehlia Birrel,Female,60,TAU,TJL,vacation,13,2024-04-15T10:00:42Z
Rickie Tressler,Genderfluid,59,ATC,PQC,business trip,15,2023-11-19T20:26:46Z
Ode Rashleigh,Male,56,DKA,MAU,volunteering,8,2023-11-26T14:10:05Z
Mavis Dobkin,Female,31,TDS,SPU,cultural exchange program,8,2023-10-18T05:54:09Z
Emmie Coey,Female,45,ACM,ATU,honeymoon,10,2023-08-21T11:20:30Z
Christi de Mullett,Female,59,DKK,DIN,volunteering,14,2023-11-23T20:37:45Z
Jennilee Points,Female,39,YAP,WAY,backpacking adventure,11,2023-12-30T10:18:42Z
Kermit Trewinnard,Male,37,ZVK,VLE,backpacking adventure,4,2023-07-10T21:17:36Z
Clemens Betje,Male,45,PXL,OEM,backpacking adventure,8,2023-11-23T10:27:21Z
Guillema Stroud,Female,46,SYD,PIU,cultural exchange program,9,2023-11-28T12:36:59Z
Kingston Lundberg,Male,49,YSF,YYN,volunteering,7,2024-03-12T23:37:09Z
Otes Oherlihy,Genderfluid,31,PKP,HVA,attending a conference,10,2023-12-06T01:30:46Z
Tallia Colrein,Agender,36,CHG,OLN,honeymoon,4,2023-09-11T20:59:21Z
Ingelbert Micklewright,Male,20,VIJ,BEK,business trip,10,2024-04-18T17:40:22Z
Malena Prescote,Female,58,WUG,SNM,volunteering,10,2024-03-08T15:23:00Z
Colleen Stuke,Female,45,YRM,WHO,backpacking adventure,9,2024-03-28T04:30:40Z
Jerald Schruyer,Male,52,ZUD,NJF,studying,13,2023-10-09T00:10:49Z
Leonardo Pyzer,Male,33,RRR,JUH,volunteering,4,2024-04-30T15:31:46Z
Alice Charlotte,Female,56,MLC,OUM,backpacking adventure,7,2023-10-14T20:34:52Z
Kev Corr,Male,30,ESB,YPZ,cultural exchange program,3,2024-04-28T20:20:06Z
Eilis Jimpson,Female,38,EJT,YDC,vacation,5,2023-07-11T10:24:45Z
Rebekkah Baggallay,Female,21,PNZ,RFD,honeymoon,4,2023-06-20T10:55:57Z
Janina Orts,Female,30,STW,DWD,business trip,7,2023-05-18T07:23:12Z
Shell Brock,Male,21,SDR,PNZ,business trip,7,2023-06-10T17:14:17Z
Elianora Hawkswell,Female,29,FEG,UET,studying,10,2023-08-17T21:04:45Z
Cathee Trusler,Agender,52,EAB,JFR,studying,6,2023-05-30T02:01:47Z
Erastus Alty,Male,59,GAI,KEZ,attending a conference,7,2024-03-26T14:44:19Z
Reina Jansey,Female,54,RNT,RHP,backpacking adventure,6,2024-04-29T21:26:04Z
Fulton Callard,Male,59,XBR,LSF,vacation,10,2024-01-03T03:32:36Z
Jenica Trethowan,Female,59,SUD,TOS,attending a conference,10,2023-12-09T17:08:22Z
Giorgio Babalola,Male,49,SGF,KUV,attending a conference,2,2023-11-04T09:07:20Z
Nalani Crimmins,Female,45,VAV,PVE,studying,3,2024-04-22T09:26:00Z
Vin Craft,Male,44,PSC,EWB,honeymoon,4,2024-01-13T03:07:59Z
Kirsti Dulwich,Female,48,GOO,KMM,business trip,13,2023-12-25T05:57:12Z
Sutherlan Brislawn,Male,57,ZVK,AUM,volunteering,4,2023-05-26T03:56:56Z
Elton Kienl,Male,54,KMM,DMN,honeymoon,10,2023-07-22T08:19:30Z
Melvyn Tonkinson,Male,34,WWD,SXW,business trip,15,2024-02-27T02:11:28Z
Jacquelynn Grundon,Female,58,MRH,SMT,volunteering,9,2023-12-17T17:57:39Z
Deonne Schutt,Female,46,XML,IDO,business trip,15,2024-04-05T21:21:14Z
Bald Jowett,Male,55,NLC,DAT,studying,15,2024-03-14T22:57:37Z
Elberta Alabaster,Female,26,VMI,XQU,studying,5,2023-09-25T00:30:10Z
Bary Barnewille,Male,54,UIO,IPU,attending a conference,15,2024-01-07T15:53:15Z
Mortie Chestnutt,Genderfluid,42,TCA,SEN,volunteering,6,2023-12-07T04:23:16Z
Arabella Neylan,Female,58,TSR,BXO,cultural exchange program,3,2024-02-19T16:01:02Z
Percy Benzing,Male,60,ILK,EUM,backpacking adventure,15,2023-06-23T19:30:10Z
Hamish De la Feld,Male,53,NQY,WDR,cultural exchange program,14,2023-12-29T16:53:20Z
Tristan Derry,Male,55,CIQ,NAS,volunteering,9,2023-09-21T21:29:57Z
Ulick Tong,Male,56,KML,ANS,business trip,4,2024-01-29T01:19:43Z
Lilia Pawley,Female,23,AIZ,APT,attending a conference,1,2023-08-15T02:25:03Z
Cassie Nelsey,Female,52,YOP,MFW,backpacking adventure,6,2024-04-27T04:55:40Z
Yehudit Samett,Male,48,HAA,MIT,volunteering,14,2024-03-20T03:25:16Z
Friederike McGriele,Female,53,BGP,PMS,studying,8,2023-11-18T14:23:43Z
Rodger Clappison,Male,44,NVS,GTW,volunteering,10,2023-06-30T10:17:51Z
Abbey Antonsson,Female,54,YCD,AKK,business trip,11,2023-08-03T10:19:13Z
Cherice Gerald,Female,26,WSU,PSU,business trip,4,2023-11-19T09:57:53Z
Lionello Issac,Male,58,CXO,ODH,vacation,1,2023-12-22T17:04:14Z
Florencia Mobley,Female,49,YGM,WGO,vacation,5,2023-11-14T10:50:14Z
Aurthur Aikett,Male,30,HIT,PTO,vacation,8,2024-03-20T14:03:02Z
Jone Diem,Male,57,GRG,BVI,attending a conference,15,2024-01-23T09:52:42Z
Joell Fargher,Female,26,SZN,PMT,business trip,14,2023-05-11T21:36:24Z
Selene Hechlin,Female,57,NGU,LUV,backpacking adventure,12,2023-08-27T06:36:26Z
Isidro Hewkin,Male,30,FKI,ALM,vacation,7,2024-01-09T09:15:32Z
Sacha Delagua,Female,29,PON,VQS,business trip,6,2023-07-20T05:18:47Z
Fielding Molineaux,Male,46,ACZ,SRN,vacation,5,2024-01-31T03:54:08Z
Chloette Saulter,Genderfluid,56,GMM,ULI,vacation,12,2023-09-02T01:50:25Z
Emmeline Couche,Female,22,HIT,AKT,cultural exchange program,5,2023-10-30T10:32:18Z
Harper Cortez,Male,47,ISB,TOQ,business trip,15,2024-04-19T12:47:02Z
Benedict Spooner,Male,49,DXR,YYW,volunteering,1,2024-03-21T10:54:43Z
Raine Giacomuzzi,Female,24,VCA,HPE,vacation,0,2023-11-20T17:18:17Z
Lem Daouze,Male,33,AVO,CGN,backpacking adventure,1,2024-01-15T20:03:24Z
Abner Bailess,Male,56,0,KUE,vacation,15,2024-01-01T19:57:23Z
Emilee Walbridge,Female,35,BDM,YML,cultural exchange program,0,2023-08-22T05:34:05Z
Arabella Wilding,Agender,53,ILN,ZAH,vacation,4,2024-02-21T04:23:39Z
Stacie McIlwraith,Female,54,KWN,RAO,vacation,15,2024-03-14T17:15:41Z
Cookie Ogus,Female,60,VRO,ELS,volunteering,3,2023-12-14T02:54:09Z
Ranna Rennenbach,Genderqueer,21,BVK,BLB,studying,7,2023-05-29T10:49:13Z
Georgeta Russam,Female,40,BNM,MRS,volunteering,5,2024-03-11T16:49:20Z
Marrilee Dobbson,Female,30,VIU,HTW,backpacking adventure,0,2024-05-05T04:21:19Z
Preston Piscopiello,Male,39,OSD,HAC,studying,14,2024-03-27T21:49:40Z
Erastus Brittin,Male,59,BYQ,HSB,business trip,14,2023-10-04T20:57:02Z
Derward Franzen,Male,44,ZAM,TKP,studying,5,2024-03-17T02:17:42Z
Evangelia Dowry,Female,55,UGS,TFI,business trip,12,2023-05-16T02:12:32Z
Phil Hanney,Female,36,XIJ,YSY,attending a conference,13,2023-05-19T13:53:02Z
Angelique Jentle,Female,29,VRO,DZO,volunteering,0,2024-03-20T10:54:59Z
Franklyn McIlriach,Male,53,CMI,NEU,attending a conference,14,2024-03-01T22:55:08Z
Gillan Gabala,Female,35,SRU,SAQ,volunteering,8,2023-08-06T14:33:42Z
Cassandre Corley,Female,45,SDT,0,cultural exchange program,12,2024-03-26T23:17:57Z
Jana MacTeggart,Female,51,RHD,ORT,cultural exchange program,6,2024-01-14T15:06:17Z
Leia Veivers,Female,36,TRV,TYG,honeymoon,1,2023-08-24T13:55:09Z
Ola D'Agostino,Female,34,OFU,OXC,volunteering,2,2023-07-14T11:52:58Z
Rahel Savidge,Female,32,PIV,TMF,vacation,0,2024-02-11T17:28:56Z
Abagael Josipovitz,Female,56,SVV,BZS,backpacking adventure,12,2023-12-07T02:28:50Z
Gabi Attewill,Male,46,LMR,EFK,attending a conference,3,2023-09-06T13:54:10Z
Theadora Chalice,Female,31,HUH,BMU,attending a conference,9,2023-11-14T06:12:33Z
Sibeal Cumberbatch,Agender,31,HPV,WDH,studying,0,2023-12-06T18:39:06Z
Dall Sellstrom,Male,40,GJL,HDE,studying,5,2024-04-08T11:41:03Z
Theresita Aberdalgy,Female,39,MJL,SYR,studying,13,2023-09-23T01:09:47Z
Berry Brinsford,Female,25,LIL,AAV,cultural exchange program,4,2023-07-27T19:00:04Z
Bucky Avramov,Male,44,LIL,GVN,studying,5,2023-12-14T15:03:50Z
Randolf Braunle,Male,25,TRH,EVV,business trip,11,2023-07-19T10:35:59Z
Annette Liccardi,Female,27,JQA,JSY,volunteering,6,2024-04-10T09:34:06Z
Natal Padden,Male,44,BIB,BTI,cultural exchange program,4,2024-01-17T22:20:44Z
Sanders Selborne,Male,38,0,CCW,studying,12,2024-01-06T11:18:07Z
Merci Skep,Female,60,ECP,JST,studying,4,2024-02-12T22:36:34Z
Pyotr Kingzeth,Male,36,TDZ,KLH,volunteering,4,2023-10-29T20:33:18Z
Dinnie Kitchenman,Female,34,SHD,SDR,volunteering,10,2024-01-24T22:50:52Z
Odette Atlay,Female,45,JAQ,ISP,business trip,1,2024-04-17T10:42:54Z
Regan Caffery,Non-binary,50,BYO,HZK,volunteering,7,2024-02-11T08:48:58Z
Lambert Denis,Male,32,AAA,GDP,vacation,7,2024-04-24T02:21:43Z
Chaddie Haseldine,Male,42,GTR,DRE,cultural exchange program,2,2023-07-22T22:55:50Z
My Rymill,Male,28,YKG,DTM,volunteering,5,2023-12-01T05:52:34Z
Marcela Sugars,Female,53,YOD,AOS,studying,6,2024-02-14T02:06:00Z
Othello Wakely,Male,26,KWB,VPY,business trip,0,2024-02-28T02:46:55Z
Gallagher Fouracres,Male,34,COA,WHD,volunteering,0,2023-10-28T19:15:33Z
Kamillah Toye,Female,50,SAS,YCC,business trip,15,2023-09-23T06:20:07Z
Adelbert Woollaston,Male,59,QID,JSI,attending a conference,3,2024-01-01T12:05:43Z
Baxy Bitterton,Male,36,CGZ,IXQ,attending a conference,4,2024-03-10T13:18:13Z
Nonie Burbudge,Female,39,LXG,BHB,studying,15,2024-01-17T23:50:38Z
Ninnetta Devenish,Female,31,MMV,SRG,studying,13,2024-04-11T07:59:49Z
Berry Snaith,Female,58,KLU,TOM,vacation,1,2023-10-15T13:08:20Z
Aili Whitehead,Non-binary,36,SEN,BDF,business trip,6,2023-12-17T21:14:51Z
Othelia Regardsoe,Female,22,ASL,DBY,honeymoon,3,2024-01-04T19:57:18Z
Tore Raund,Male,46,HUW,MZH,backpacking adventure,12,2024-02-05T15:58:57Z
Denise Rockhall,Female,28,LYM,LIO,backpacking adventure,11,2023-07-17T05:01:46Z
Randi Hadlow,Female,58,ENO,PDO,honeymoon,11,2024-01-02T15:36:32Z
Eziechiele Lacasa,Male,53,SRY,LUR,business trip,11,2023-07-26T16:33:26Z
Donnie Southerill,Male,32,RMY,LXS,cultural exchange program,12,2023-11-09T02:42:16Z
Gwenette Letessier,Female,27,KHY,TPA,cultural exchange program,13,2024-01-07T19:48:04Z
Dorothea Rizziello,Non-binary,60,SUF,WUI,volunteering,12,2024-02-14T05:59:05Z
Garey Hancell,Male,57,RCM,JAR,honeymoon,6,2023-09-29T16:07:35Z
Darrel Quadling,Male,24,EQS,IGS,vacation,15,2024-03-31T09:53:31Z
Thekla Ridde,Female,59,NEF,KKB,business trip,13,2024-03-22T20:43:18Z
Rasia Alejandro,Female,48,RAT,MZJ,backpacking adventure,3,2023-05-18T05:33:45Z
Ogdon Talby,Male,41,GUA,PEN,studying,5,2023-11-15T13:10:18Z
Corinna Selbie,Female,38,TUB,LLN,backpacking adventure,0,2023-12-27T05:09:48Z
Bradly Shaxby,Male,28,SSO,DRF,honeymoon,0,2023-07-14T02:49:17Z
Liva Mathet,Female,43,QQT,CVR,vacation,5,2023-07-01T03:33:03Z
Cornall Adney,Male,56,BOC,VNC,cultural exchange program,5,2023-09-08T16:02:16Z
Filide Crannis,Female,34,CPR,ABW,honeymoon,15,2024-01-07T13:08:51Z
Hyacinthia Guiso,Female,60,RFS,INO,volunteering,6,2023-11-22T23:59:20Z
Winonah Jodlkowski,Female,40,PEZ,ODA,honeymoon,14,2024-03-19T11:54:57Z
Harris Beasleigh,Male,43,HRT,XBO,cultural exchange program,3,2023-12-07T02:12:50Z
Frank Dechelette,Female,20,GBB,GNF,backpacking adventure,1,2023-06-19T15:13:26Z
Ferrel Dinzey,Male,55,DLI,TLH,attending a conference,12,2024-03-12T22:43:04Z
Catlee Elleyne,Female,24,YFX,DJM,volunteering,11,2024-03-27T04:41:54Z
Morna Hotchkin,Female,42,PAL,DVD,backpacking adventure,0,2023-11-04T12:37:58Z
Denis Yetton,Male,36,JAT,WRI,studying,1,2024-02-19T13:20:05Z
Ange Dunwoody,Female,22,MKJ,SCZ,honeymoon,11,2023-11-04T23:02:37Z
Germaine Otham,Male,23,ACJ,MCS,studying,8,2023-08-21T08:05:33Z
Baird Mather,Male,59,PMX,ASJ,honeymoon,11,2023-10-10T03:14:36Z
Maura Larham,Genderqueer,30,OVA,SHS,volunteering,7,2023-12-08T22:53:36Z
Celka Starbeck,Female,30,AOI,KNP,studying,11,2023-11-01T08:34:06Z
Randal Heavens,Male,25,BPA,TME,honeymoon,7,2023-09-30T14:03:16Z
Niall Tourne,Male,47,LEU,HIB,vacation,11,2023-06-13T07:41:14Z
Sarajane Heustice,Female,47,WAK,CVC,studying,15,2023-05-13T04:38:40Z
Zondra Gillmor,Female,23,XIN,RAO,cultural exchange program,13,2023-11-29T12:47:27Z
Khalil Lurner,Male,47,TBT,HSS,volunteering,10,2023-10-28T07:36:19Z
Felipa Brodest,Non-binary,29,UFA,LIR,honeymoon,13,2024-01-19T07:32:30Z
Dyanne Santore,Female,27,YNA,LAJ,studying,6,2024-02-27T16:07:33Z
Peter Vigors,Genderqueer,47,ANL,MQL,studying,13,2023-11-08T16:50:35Z
Irving Duerden,Male,33,BOA,FID,backpacking adventure,0,2023-05-12T11:17:17Z
Carol-jean Moir,Female,59,RZR,YNM,attending a conference,15,2023-12-12T12:44:30Z
Angelika Shearsby,Female,55,CAF,WHF,attending a conference,11,2024-03-10T17:06:17Z
Guglielmo Swiers,Male,33,CUQ,TUO,vacation,8,2023-07-19T07:40:04Z
Lorant Kertess,Male,47,CAL,AIP,honeymoon,4,2023-08-06T11:47:22Z
Millicent Guppy,Female,46,AUD,WMP,cultural exchange program,0,2023-08-22T01:20:00Z
Cole Grimsdith,Male,22,CIX,EFL,studying,12,2023-08-18T04:23:24Z
Connie Higgonet,Male,46,FPR,IBL,volunteering,14,2023-06-26T06:52:25Z
Marlee Fairey,Polygender,48,INY,BEI,attending a conference,6,2023-10-10T18:46:55Z
Annalee Leeder,Female,37,ELM,MXL,honeymoon,0,2024-01-02T09:49:34Z
Glendon Gare,Male,32,TSJ,HFF,vacation,14,2023-08-25T10:16:19Z
Christiano Kinnane,Male,42,FAM,JGR,cultural exchange program,4,2023-11-05T22:17:05Z
Emlynn Donnison,Female,52,TCC,KKD,cultural exchange program,7,2023-11-14T06:59:43Z
Demott Lawton,Male,27,KAZ,POE,backpacking adventure,1,2023-09-19T09:04:47Z
Moore Wicher,Male,37,NMR,MUW,vacation,3,2023-06-28T17:09:37Z
Chloette Benny,Female,26,PHB,ARV,volunteering,14,2023-08-29T22:27:18Z
Tamra Hanbury,Female,35,OLR,LMI,honeymoon,10,2024-02-08T11:36:02Z
Camila Alexsandrov,Female,22,SYH,ABM,backpacking adventure,13,2024-01-21T19:25:13Z
Genni Malsher,Female,38,TAW,TAD,vacation,1,2023-12-22T07:41:45Z
Philippe Janout,Polygender,41,YVR,EFW,honeymoon,3,2023-06-28T11:16:44Z
Carolin Souttar,Female,34,ULZ,NWT,studying,12,2023-08-08T10:42:17Z
Ferdinanda O'Bradden,Female,45,VIE,KZB,backpacking adventure,5,2023-11-16T23:12:32Z
Danita Dugget,Female,38,GSI,WMA,business trip,11,2024-04-12T09:06:16Z
Freddy Ropartz,Male,53,BCP,QBC,backpacking adventure,5,2023-07-06T01:25:32Z
Mariann Benstead,Female,31,CQP,ROU,business trip,0,2024-02-05T12:24:13Z
Ali Chasney,Polygender,31,PDA,ASH,vacation,9,2024-03-03T03:56:13Z
Sheff Eykelbosch,Male,40,TLC,MZL,attending a conference,8,2023-12-12T18:44:30Z
Wit Nenci,Male,21,UJE,HXX,cultural exchange program,3,2023-11-24T03:00:56Z
Tanney Sellstrom,Male,52,KPL,INS,volunteering,15,2023-09-13T01:23:56Z
Doralin Haslen,Female,56,MPY,RNR,studying,8,2023-11-28T03:29:33Z
Yorgo Betchley,Agender,24,ANH,SVD,studying,3,2023-08-29T15:27:38Z
Lexy Spaxman,Female,26,MXT,RHO,attending a conference,0,2024-04-25T05:33:52Z
Reggy Weippert,Male,44,MMO,ISI,studying,15,2023-07-14T08:34:56Z
Leonelle Grafton,Female,20,LDI,GNG,cultural exchange program,11,2023-07-09T08:24:07Z
Eldin Caris,Male,52,NWA,BZF,vacation,10,2023-12-29T03:08:50Z
Dolorita Putt,Female,31,ICO,CNK,vacation,7,2023-08-10T18:29:57Z
Loralee Kleiner,Female,27,RUM,PAL,volunteering,14,2023-07-13T11:26:24Z
Bridie Seilmann,Female,60,PTG,EAL,studying,15,2024-04-17T20:55:13Z
Walther Maase,Male,44,NHT,CKY,volunteering,12,2024-01-06T05:18:32Z
Hakim Hamer,Male,44,BRW,MQG,attending a conference,3,2023-11-30T14:03:46Z
Carmel Paulin,Female,40,CRR,ELB,cultural exchange program,14,2023-11-19T05:19:57Z
Octavia Peal,Female,27,ALJ,YDJ,volunteering,10,2023-06-21T17:47:53Z
Boigie Groombridge,Male,48,SNZ,MTO,attending a conference,2,2023-12-21T02:48:39Z
Erhard Gloster,Male,55,MVL,MEF,attending a conference,7,2023-06-05T17:50:54Z
Farand Smallcombe,Female,57,BGJ,TUV,studying,12,2023-12-12T15:11:29Z
Alisander Carrabot,Male,31,ZLT,IAG,attending a conference,2,2024-04-20T08:36:32Z
Griffy Abramsky,Male,45,RHI,TGA,volunteering,9,2023-08-28T23:30:29Z
Melli Keady,Bigender,56,SCK,YLB,honeymoon,5,2023-08-31T22:25:07Z
Immanuel Haythorne,Male,24,RND,SWM,cultural exchange program,13,2023-09-20T04:39:39Z
Findlay Maddrell,Male,39,GHC,PVU,backpacking adventure,8,2023-06-21T08:21:52Z
Lenna Burbudge,Female,39,THZ,LEB,attending a conference,14,2024-01-15T23:59:05Z
Cris Petyanin,Female,42,PEI,GLX,cultural exchange program,14,2023-11-20T01:27:24Z
Julietta Enser,Female,23,LYT,AKS,business trip,3,2023-06-12T00:31:48Z
Goldia Ghelardoni,Female,49,KNS,WAR,studying,2,2023-06-10T08:20:01Z
Balduin Pitkeathly,Male,56,LHI,DUA,cultural exchange program,7,2023-08-22T08:33:45Z
Neel Bignell,Male,22,SVN,IXP,cultural exchange program,4,2023-09-13T19:20:38Z
Cory Chomiszewski,Female,27,WIR,AAT,cultural exchange program,4,2023-09-20T23:54:27Z
Brander Stidston,Male,30,GOA,DUB,attending a conference,0,2024-01-31T16:50:55Z
Locke Lashmore,Male,43,VLE,MCV,cultural exchange program,11,2024-04-18T04:09:03Z
Jasun Mattheissen,Male,23,TWY,CZE,cultural exchange program,3,2024-02-16T08:18:13Z
Louise Quarrington,Female,33,IMD,JCR,business trip,15,2023-08-26T03:06:22Z
Celie Loveguard,Female,35,NAF,FTU,cultural exchange program,5,2024-04-20T04:44:45Z
Sergei Benedite,Male,23,YXN,KBZ,studying,9,2023-12-10T09:42:17Z
Henrieta Mackilpatrick,Female,25,BEW,JUA,honeymoon,11,2024-01-30T05:39:52Z
Hastie Hoyte,Male,35,HON,CPR,attending a conference,13,2023-09-27T07:49:52Z
Herrick Brisson,Male,51,CPL,YIF,volunteering,15,2023-05-19T10:28:42Z
Laureen Monan,Female,40,YEL,SMZ,honeymoon,11,2024-01-25T12:34:53Z
Analise Dahlen,Female,36,MHG,JVI,business trip,7,2023-12-16T17:18:47Z
Milton Quinney,Male,57,PNV,ISL,business trip,8,2023-11-16T17:22:07Z
Ronny McNickle,Male,22,URU,FLT,business trip,6,2023-10-29T11:36:14Z
Avery Laweles,Male,34,MZT,WNZ,attending a conference,5,2023-10-23T09:14:48Z
Dalton Heathcott,Male,40,ICC,CNL,cultural exchange program,14,2023-12-28T07:49:10Z
Cornela Rowles,Female,57,LXV,BLK,volunteering,10,2023-08-14T20:14:30Z
Millisent Orleton,Female,42,OGZ,KNH,business trip,10,2023-11-23T00:06:11Z
Iseabal Philp,Female,42,YNJ,TFS,vacation,0,2023-12-10T12:25:11Z
Dorine Laye,Female,45,0,GLL,business trip,10,2024-04-26T00:38:18Z
Ida Le Borgne,Female,57,KVC,MFO,honeymoon,12,2023-10-26T06:11:53Z
Manya Liffe,Female,47,PMT,LUP,backpacking adventure,11,2023-07-27T21:48:32Z
Goldie Laffin,Female,40,AYD,MAW,backpacking adventure,12,2023-12-29T13:29:19Z
Genna Iliffe,Female,59,GSE,RKV,business trip,11,2024-03-29T01:36:58Z
Grady Rosenvasser,Male,32,EUQ,DBD,backpacking adventure,2,2023-07-08T16:00:44Z
Tadeas Houlison,Male,43,XNA,MHO,attending a conference,7,2024-04-14T21:28:12Z
Carmella Arguile,Female,56,CHB,RMS,volunteering,8,2023-11-30T19:58:15Z
Jerrylee Kidney,Female,51,DRO,OBN,studying,15,2023-11-17T09:11:58Z
Cece Kuschke,Male,44,IWA,LGB,attending a conference,14,2024-04-11T00:24:34Z
Birdie Beden,Female,50,SVN,ACP,studying,9,2024-02-27T14:11:58Z
Janenna Iacapucci,Female,48,IOS,CKU,studying,6,2023-10-21T16:31:50Z
Reamonn Skeates,Male,39,BJT,AWB,volunteering,8,2023-07-01T16:19:38Z
Reinald Abramovic,Male,40,KBO,KOZ,cultural exchange program,0,2024-03-10T19:30:04Z
Moise Spinnace,Genderfluid,41,LTX,NIB,cultural exchange program,8,2023-06-26T00:52:02Z
Morris Littler,Male,26,PSL,PTU,honeymoon,11,2023-08-14T04:47:44Z
Juliane Hemshall,Polygender,33,ELT,SBK,studying,2,2023-11-04T15:23:36Z
Winston Kitter,Bigender,53,AYL,SHE,cultural exchange program,0,2023-12-20T10:19:46Z
Toddie Brunelleschi,Male,60,CQS,KRQ,backpacking adventure,7,2024-02-20T16:55:13Z
Yancy Laurencot,Male,54,LXA,RSB,studying,13,2023-05-31T22:56:21Z
Clem Motto,Polygender,44,AVO,HUY,volunteering,10,2024-04-28T20:52:19Z
Lamar Sellan,Male,27,EYK,GHE,vacation,12,2024-04-11T15:58:59Z
Tim Toe,Female,53,JCU,KSH,backpacking adventure,13,2023-06-27T10:49:04Z
Nani Harrow,Female,41,FMM,UAL,business trip,10,2023-09-30T18:34:20Z
Alleen Bartaloni,Female,44,PIZ,UOS,vacation,8,2024-03-25T02:57:36Z
Christian Bugge,Female,59,YWR,CVM,honeymoon,4,2023-12-02T23:07:18Z
Sol Prisk,Male,25,HFA,AYM,backpacking adventure,9,2024-03-31T14:55:40Z
Moselle Birdall,Female,42,HTA,SEP,cultural exchange program,3,2023-10-07T09:26:29Z
Philippa Lefridge,Female,49,RIZ,CZT,business trip,10,2023-12-13T22:12:55Z
Pierrette Shard,Female,33,TEQ,MRP,vacation,9,2023-08-21T21:56:36Z
Ursuline Bierman,Female,46,UIQ,RUP,backpacking adventure,3,2023-08-10T03:28:04Z
Ardra Guerriero,Female,30,GWS,TEA,attending a conference,3,2023-07-04T20:31:14Z
Shelley Whitters,Male,29,YWQ,0,backpacking adventure,10,2023-05-20T06:35:59Z
Paul Kohtler,Male,44,TRY,URY,honeymoon,4,2024-03-12T16:44:50Z
Augusto Edmand,Male,28,TKT,MCH,business trip,10,2023-07-03T02:32:29Z
Gideon Barrs,Male,29,WPU,EDR,cultural exchange program,12,2023-12-15T18:30:20Z
Gerry Miners,Male,35,GBM,DNK,vacation,11,2023-12-24T03:27:00Z
Tonnie Aiers,Male,52,SHB,YSK,volunteering,9,2024-04-02T08:02:08Z
Maurine Spanton,Female,21,SCT,TCZ,cultural exchange program,1,2024-03-24T18:40:52Z
Saxon Cantopher,Male,36,BXS,LHU,honeymoon,0,2023-11-11T20:15:58Z
Carena MacAlister,Genderfluid,29,OKO,GLD,backpacking adventure,10,2023-05-22T14:32:15Z
Massimo Hatherall,Genderqueer,25,TAM,HKB,honeymoon,6,2024-04-09T16:05:26Z
Camila Sangar,Female,26,BJJ,TIL,cultural exchange program,11,2024-03-07T23:39:32Z
Daisi Comber,Female,59,GNV,MZM,business trip,10,2024-01-05T01:04:06Z
Anastasia Dinneges,Female,30,BRA,PBD,honeymoon,11,2024-03-27T04:49:49Z
Aylmar Denge,Male,41,STT,ZBK,attending a conference,6,2024-02-23T12:25:28Z
Tedra Orrick,Female,36,ILG,CAR,honeymoon,8,2023-06-11T02:40:52Z
Vernon Juleff,Male,60,LSI,HDF,vacation,14,2023-05-26T11:51:56Z
Hanni Meader,Female,45,ZRM,URT,cultural exchange program,11,2023-07-01T19:44:31Z
Shaun Russon,Female,33,DAT,PMZ,backpacking adventure,3,2024-05-01T09:43:34Z
Evered Nutty,Male,25,KMS,DLU,volunteering,12,2024-02-05T17:23:49Z
Wandis Merrifield,Female,49,RNI,AZT,attending a conference,0,2024-01-03T20:39:59Z
Vinni Malkin,Female,45,RUY,AMY,vacation,14,2023-07-10T22:07:25Z
Hamlin Secretan,Non-binary,22,XAR,MUK,volunteering,12,2023-09-19T00:38:29Z
Nadean Diloway,Female,28,QKX,DOV,cultural exchange program,4,2023-12-07T20:13:39Z
Eugene Casajuana,Male,36,YAO,SYL,business trip,14,2024-01-14T18:14:40Z
Raimund Dunstan,Male,51,TBI,PCO,volunteering,9,2023-08-10T11:38:14Z
Marlane Sare,Female,26,QLF,SMB,vacation,13,2023-11-25T12:50:57Z
Welsh Withull,Male,35,QBC,YJS,cultural exchange program,2,2024-01-05T06:34:26Z
Ugo Pykett,Male,50,PQC,NYT,attending a conference,1,2024-04-03T01:06:35Z
Fairfax Volk,Male,37,KAX,SSK,cultural exchange program,7,2023-09-10T05:27:40Z
Avivah Chorlton,Female,38,LFI,SLZ,volunteering,8,2024-05-06T11:12:17Z
Friedrich Jeffree,Male,52,CSF,FMU,cultural exchange program,0,2024-01-08T16:54:33Z
Kelsey Pfertner,Male,58,HUQ,DLY,backpacking adventure,3,2024-01-27T18:29:17Z
Justus Seden,Male,23,LLY,0,business trip,7,2023-08-08T11:54:42Z
Gian Ortas,Male,23,OGE,QGQ,studying,5,2023-11-20T19:59:25Z
Rodi Fussie,Female,37,VKO,BLU,business trip,9,2023-07-27T13:21:40Z
Virgie Penrose,Female,45,WGN,PNS,backpacking adventure,10,2024-04-11T20:58:43Z
Kenyon Gissop,Male,50,HRK,PMX,cultural exchange program,10,2023-09-28T08:08:06Z
Jeniffer Waby,Female,31,BDQ,SQV,business trip,5,2023-08-20T16:25:01Z
Rabbi Sparkwell,Male,26,UKI,RLO,vacation,4,2023-08-29T09:27:08Z
Chandler Cyson,Male,37,KEC,NAG,volunteering,14,2024-02-07T05:18:41Z
Ogdan Hardway,Male,45,NRG,XIJ,business trip,10,2024-02-05T21:00:26Z
Pepito Ashburner,Male,58,USH,COM,vacation,11,2023-05-26T16:10:15Z
Emalia Sellars,Female,25,MUI,GBG,backpacking adventure,8,2024-04-27T19:05:28Z
Starr Mattsson,Female,33,SIQ,DNH,backpacking adventure,7,2023-06-13T04:22:11Z
Guendolen Lucian,Female,53,SMS,XGR,attending a conference,12,2023-11-24T20:55:52Z
Huntlee Forrestall,Male,41,PUN,SHG,backpacking adventure,11,2024-02-26T13:20:43Z
Ransell Thowes,Male,60,BCX,OFK,cultural exchange program,14,2023-06-10T10:38:03Z
Gina Dronsfield,Female,53,WTA,CVH,studying,10,2023-10-24T21:30:11Z
Trever Watting,Agender,20,EFG,DLV,studying,0,2023-11-13T04:07:34Z
Pattin Ballston,Male,37,SFN,LHS,backpacking adventure,10,2024-03-10T19:28:33Z
Quintin Ilieve,Male,45,DIW,DJJ,business trip,2,2023-05-28T20:19:11Z
Angelina Sammut,Female,32,TIW,CHX,studying,10,2023-09-18T16:44:42Z
Osborn Eadington,Male,38,ENS,OAZ,business trip,2,2024-03-29T04:08:38Z
Jacobo Sayes,Male,60,ILH,CPB,business trip,0,2024-01-30T19:38:01Z
Xaviera Haggerstone,Female,41,XPK,OZH,cultural exchange program,0,2023-07-19T17:42:18Z
Kathryne Bromidge,Female,31,UIH,VIL,vacation,15,2023-09-06T04:53:56Z
Lottie Castille,Female,28,GAO,EDF,backpacking adventure,8,2024-03-25T02:12:17Z
Kathie Spratley,Female,31,DNI,ELW,attending a conference,5,2024-04-06T14:55:20Z
Midge Burnes,Female,38,YCM,LIH,attending a conference,3,2023-12-14T07:25:51Z
Caren Follit,Female,26,PAZ,GUR,honeymoon,6,2024-02-16T03:08:38Z
Michaeline Aylwin,Female,23,ITA,TNA,backpacking adventure,6,2023-12-29T01:03:12Z
Eilis Shepard,Female,58,VIS,IAH,cultural exchange program,3,2024-01-10T19:51:40Z
Robby Scoles,Male,52,JUI,GVR,cultural exchange program,6,2023-08-10T17:43:35Z
Helaina Strelitzer,Female,40,CCI,ITO,honeymoon,6,2023-08-08T20:05:34Z
Janeta Kinnoch,Female,45,KDN,VTF,honeymoon,12,2023-09-11T02:20:19Z
Loria Beeching,Non-binary,24,AXM,BQO,backpacking adventure,14,2023-08-12T11:21:33Z
Nero Dafydd,Male,58,GFE,BNB,studying,3,2023-08-11T15:27:28Z
Anatollo Coulthard,Male,32,MSL,UTW,volunteering,3,2024-04-05T01:57:12Z
Sancho Gristwood,Male,23,HKA,PIE,cultural exchange program,8,2023-06-30T02:34:23Z
Alexandros Futter,Male,40,ZIH,NAS,honeymoon,7,2023-10-30T23:51:06Z
Willetta Loweth,Female,49,HTR,LKY,studying,14,2024-03-28T04:28:18Z
Dorri Kimmons,Female,38,TGG,LYG,cultural exchange program,0,2023-09-18T07:27:04Z
Kathleen Custy,Female,48,TGR,TSL,business trip,13,2024-02-06T14:23:53Z
Rickie Sapshed,Male,29,PHX,UTM,cultural exchange program,13,2023-10-03T12:50:20Z
Cort Akess,Male,35,SDM,KCK,studying,6,2023-11-17T23:08:05Z
Sibella Kidby,Female,48,MPV,ANN,honeymoon,1,2024-01-16T20:13:09Z
Micah Straun,Male,38,CSI,ECV,volunteering,2,2023-08-27T03:29:29Z
Eden Georgeson,Female,47,DMO,TLN,studying,6,2023-11-22T14:05:40Z
Joelie Cuffin,Non-binary,44,IFF,SST,business trip,10,2024-01-26T03:33:20Z
Lesya Stuttman,Female,40,BRY,CCD,studying,10,2023-11-28T05:13:46Z
Nerti Mowen,Female,51,MNP,JBB,attending a conference,5,2024-03-14T05:38:41Z
Elwood Edwinson,Male,24,PME,HGT,business trip,7,2023-09-22T22:07:43Z
Fayth Seabon,Female,51,VCT,VKS,backpacking adventure,2,2023-08-31T01:17:02Z
Boyce Lofts,Male,44,EHT,KUX,attending a conference,5,2023-09-14T02:10:08Z
Onida Persey,Female,24,CYO,SOA,cultural exchange program,13,2023-06-06T18:17:54Z
Devina Cruxton,Female,24,MRR,TPX,volunteering,15,2023-08-08T22:46:44Z
Langsdon Diche,Male,42,TRC,RJH,attending a conference,2,2023-11-03T04:54:26Z
Randy Scapens,Male,25,FYM,KFG,studying,8,2023-07-04T09:05:08Z
Maribel Rogger,Female,60,SNQ,NLG,backpacking adventure,7,2023-11-05T19:00:53Z
Kinsley Branscomb,Male,47,UBT,ODN,volunteering,12,2023-06-28T16:09:52Z
Lorie Veel,Female,48,UPB,NYO,cultural exchange program,12,2023-11-19T18:18:00Z
Giacopo Howel,Male,37,RRG,YCF,volunteering,4,2023-07-04T06:28:06Z
Rory Tyas,Male,57,RKT,LGU,volunteering,5,2023-08-19T12:49:38Z
Haywood Winwright,Non-binary,44,PWK,LLG,business trip,11,2024-04-14T23:26:07Z
Johnette Withrop,Female,41,CRA,KLA,attending a conference,2,2024-01-12T05:32:14Z
Gwenny Diche,Female,50,CUY,HDR,vacation,0,2024-01-29T07:00:29Z
Gerri Bows,Male,56,TMY,IGA,honeymoon,11,2023-09-30T01:16:02Z
Darsey Synder,Female,55,PKZ,AAT,studying,12,2023-09-01T09:51:34Z
Kesley Bowra,Female,24,RIB,AZB,business trip,13,2023-05-12T19:42:53Z
Melina Heijnen,Female,20,CDT,ORR,cultural exchange program,1,2023-10-16T03:17:10Z
Teena Dripp,Female,34,JVL,DNG,volunteering,4,2023-05-16T22:33:23Z
Millard Verbrugghen,Genderfluid,37,FYN,RCN,cultural exchange program,4,2024-01-18T07:56:01Z
Cacilia Mauro,Female,51,XGG,ETH,business trip,5,2023-06-28T12:17:58Z
Meghann Andreucci,Female,20,GOM,RCA,studying,14,2023-08-10T04:45:59Z
Randie Andreacci,Male,20,SYT,WLA,vacation,9,2024-01-07T09:09:22Z
Joeann Shrimpling,Bigender,42,YFX,UAB,vacation,11,2023-11-27T09:56:46Z
Mirabelle Dorgon,Female,34,WPB,NMC,cultural exchange program,5,2023-06-13T20:32:33Z
Witty Reisenstein,Male,42,BFT,MUW,honeymoon,5,2023-11-04T15:00:22Z
Jennee Antoniak,Female,55,HSJ,AAP,studying,14,2023-08-17T17:28:59Z
Ange Gurery,Female,39,ODW,AJN,backpacking adventure,2,2023-12-06T02:55:26Z
Pippy Duprey,Female,32,LBK,CAD,volunteering,5,2024-04-07T19:18:17Z
Denny Janson,Male,29,OUR,FBY,volunteering,4,2023-10-02T05:18:52Z
Mattie Kendrew,Female,21,JLS,PPF,attending a conference,4,2023-09-21T09:08:16Z
Carola Twidell,Female,48,ULX,KHO,business trip,9,2023-09-15T23:16:13Z
Travus Faccini,Bigender,36,BDK,PKW,volunteering,1,2024-02-09T14:40:54Z
Darrin Alphege,Male,56,SUW,KIP,backpacking adventure,6,2024-03-12T21:02:14Z
Allis Mathevon,Female,32,TER,LCF,studying,7,2024-01-09T04:01:20Z
Dynah Glossop,Female,59,MLN,HMG,volunteering,4,2024-03-28T10:31:11Z
Tedra Watson,Female,33,NEG,BTF,backpacking adventure,8,2024-01-06T09:31:43Z
Lynne Bauchop,Female,29,IDF,TED,vacation,1,2024-01-19T08:28:58Z
Zacharia Coultar,Male,55,ULQ,ITU,studying,6,2024-01-13T06:16:51Z
Cherida Aleksahkin,Female,52,CEY,STB,business trip,6,2023-08-04T18:58:39Z
Caresse Craighall,Female,54,ANR,CCZ,honeymoon,6,2024-01-07T22:29:54Z
Akim Martinyuk,Male,26,ABL,VCE,studying,9,2024-04-08T13:30:08Z
Sheffy Mossman,Male,56,JDR,CZO,honeymoon,10,2024-03-18T20:22:11Z
Ronnie Ripon,Female,45,GNY,BMX,volunteering,11,2023-07-25T20:13:10Z
Eugenio Abraham,Male,41,UTU,YDF,backpacking adventure,5,2024-01-02T22:30:12Z
Alisa Clutten,Female,60,WOA,MBX,volunteering,13,2023-07-06T01:22:58Z
Kurtis Pace,Male,34,0,LGT,attending a conference,2,2024-03-22T05:56:09Z
Mariam Onthank,Female,28,KUP,QPA,business trip,15,2023-09-07T20:25:03Z
Adrianne Beckhurst,Female,36,JKL,ENK,attending a conference,14,2024-03-25T15:52:59Z
Mimi Abbes,Female,38,CVS,ICA,business trip,5,2024-04-22T17:17:02Z
Lamont Marquiss,Male,23,IMI,ASH,studying,10,2023-11-03T22:05:26Z
Mylo Eley,Male,45,FTA,TUD,backpacking adventure,7,2023-06-25T10:30:18Z
Marinna Girdler,Female,59,NZL,PEK,volunteering,2,2024-03-24T16:03:50Z
Adlai Beams,Agender,52,EDD,KEW,studying,12,2024-02-17T02:38:20Z
Debbi Swinn,Female,49,YRB,MRJ,cultural exchange program,3,2023-06-25T08:47:00Z
Abbott Penrose,Male,25,SYA,YFH,honeymoon,15,2024-04-24T23:16:44Z
Jaynell Landell,Female,31,SXN,STF,honeymoon,8,2023-08-11T13:30:16Z
Albertina Benyan,Female,23,OZH,KEB,studying,12,2023-06-08T10:08:14Z
Shermy Ollerearnshaw,Male,31,KAN,HEZ,attending a conference,11,2023-11-08T20:56:58Z
Talbert Pullen,Male,57,MPX,PCP,cultural exchange program,6,2024-02-29T08:18:00Z
Shamus Petre,Male,59,NQU,BYO,honeymoon,2,2023-12-18T03:50:20Z
Carlyn Humburton,Female,58,KOW,THU,honeymoon,15,2023-12-24T08:18:03Z
Honoria Hale,Female,38,FKJ,0,business trip,12,2023-08-21T08:26:43Z
Irving Croson,Male,36,FLD,VIA,vacation,0,2024-02-24T12:52:00Z
Ardys Schoenfisch,Female,57,RAO,BOV,backpacking adventure,2,2023-09-13T12:29:52Z
Gaspard Biesty,Male,30,IOM,CAA,backpacking adventure,1,2023-05-15T13:26:35Z
Eran Halladay,Female,50,AAH,OGZ,cultural exchange program,6,2024-04-12T20:32:23Z
Bradney Maplethorp,Polygender,22,NUU,MKI,volunteering,2,2024-01-21T04:21:54Z
Neysa Arnull,Female,29,USQ,GNS,cultural exchange program,13,2023-08-03T11:22:30Z
Daryn Tolussi,Female,43,TOY,KKO,backpacking adventure,6,2023-05-27T14:30:06Z
Caesar Waine,Male,25,RCH,CBY,business trip,9,2023-09-16T03:30:30Z
Ingaberg Jamary,Female,47,DLU,LLN,volunteering,7,2023-07-13T03:49:26Z
Port Yusupov,Male,27,VBS,BOC,vacation,2,2023-11-30T11:02:19Z
Warden Shoebrook,Male,29,FAH,PEV,backpacking adventure,13,2023-11-22T06:53:30Z
Dawn Penson,Female,38,AYG,BJF,attending a conference,12,2024-03-13T02:55:33Z
Ermengarde Solland,Bigender,23,COK,YRO,backpacking adventure,15,2023-12-09T02:21:34Z
Brandise Ghidetti,Female,24,PSM,UOS,honeymoon,1,2023-07-07T11:31:01Z
Donia Quillinane,Female,42,PTQ,KGF,business trip,0,2024-02-01T05:04:17Z
Putnam O'Dyvoy,Male,30,WVL,CUU,studying,11,2023-07-06T13:12:33Z
Chiarra Ticksall,Female,30,INY,MOF,business trip,7,2024-02-10T11:20:36Z
Dav Rubertis,Male,42,YQQ,PDI,honeymoon,10,2024-02-14T10:34:34Z
Kirsten Creany,Agender,54,BTD,SXZ,backpacking adventure,15,2023-09-20T12:16:28Z
Amity Tenant,Female,28,SPG,SSV,business trip,14,2023-12-18T07:38:53Z
Averil Pettendrich,Male,56,AMB,ICR,business trip,8,2023-10-18T14:41:33Z
Zondra Earlam,Female,58,JOS,KEE,honeymoon,0,2023-07-18T03:53:38Z
Wilek Eberdt,Bigender,55,COB,WNH,vacation,14,2023-08-10T05:44:40Z
Tyler Lalonde,Male,29,HVB,NPO,attending a conference,8,2023-09-16T01:19:44Z
Brand Dunthorn,Male,57,BTQ,KMG,vacation,8,2024-04-23T08:38:51Z
Zebedee Lilbourne,Male,44,SIL,RBL,cultural exchange program,11,2024-02-01T07:57:01Z
Inglebert Mallows,Male,55,KHV,ZSP,volunteering,7,2023-10-29T20:31:51Z
Malia Rainy,Female,51,KTI,RAO,vacation,14,2024-01-06T04:27:36Z
Tanhya McKilroe,Female,33,MJY,SFE,cultural exchange program,1,2024-04-28T04:46:47Z
Nickolas Lowings,Male,31,HFD,KTS,vacation,2,2023-08-28T08:22:02Z
Drew Hawkyens,Male,22,AIE,VAW,backpacking adventure,6,2023-05-08T03:59:03Z
Gussi Hebbes,Female,45,TBF,SEA,cultural exchange program,4,2024-03-15T02:07:54Z
Trip Hearn,Male,39,CYW,MAF,cultural exchange program,4,2023-08-19T19:54:43Z
Aurel De Vaux,Female,56,ICK,SLV,vacation,9,2024-02-14T22:54:59Z
Raimondo Baise,Male,51,RSB,OAX,vacation,10,2024-04-11T06:39:01Z
Gus Haburne,Male,30,OTV,PCF,studying,0,2023-06-16T14:42:34Z
Retha Alforde,Female,52,ADS,DVL,honeymoon,0,2024-01-18T18:17:37Z
Elvin Seleway,Male,52,QIT,OTY,business trip,0,2024-04-29T05:35:01Z
Olenka Chadwell,Female,20,VEL,ZYI,studying,6,2024-01-29T18:16:47Z
Rafferty Towner,Male,58,YVZ,YDE,business trip,6,2024-01-10T03:21:24Z
Lorianna Hilldrup,Non-binary,47,YGJ,0,honeymoon,1,2024-03-15T16:19:47Z
Veronique Jest,Female,40,NVS,TPA,attending a conference,12,2023-05-25T03:43:36Z
Candace Willingam,Female,40,BLJ,ATA,business trip,4,2023-10-12T04:33:01Z
Meredithe McQuorkell,Genderfluid,53,MAX,SVP,vacation,12,2024-02-11T21:48:00Z
Rochella Limeburner,Female,29,RKH,DEM,backpacking adventure,5,2024-03-18T10:12:11Z
Sarette Castanos,Genderfluid,25,WRE,OZH,vacation,11,2023-07-06T15:54:25Z
Marco Antusch,Male,35,ULA,RET,attending a conference,14,2024-02-25T04:06:25Z
Izaak Ianinotti,Male,26,KOE,ALX,backpacking adventure,15,2023-07-09T13:34:22Z
Giacobo Overell,Male,30,EKD,BKF,business trip,10,2023-06-13T12:23:00Z
Flossi Clausson,Female,57,KIS,XQU,backpacking adventure,3,2023-11-08T11:51:54Z
Billy Percy,Male,30,YTS,VIR,studying,8,2023-09-20T23:16:14Z
Maia Semple,Non-binary,55,MCZ,POJ,cultural exchange program,3,2023-06-08T10:34:22Z
Emmeline Twallin,Female,39,YCA,0,honeymoon,2,2023-12-07T08:27:10Z
Konstantine Schooley,Male,57,DBD,YMN,volunteering,4,2023-06-29T05:43:36Z
Ario Dace,Male,46,CGX,SXY,vacation,6,2023-06-08T08:10:44Z
Rudd Dyos,Male,57,TWY,BTV,backpacking adventure,1,2023-07-13T19:39:27Z
Euphemia Fuggles,Female,37,BMR,USK,backpacking adventure,15,2023-08-24T19:03:00Z
Tedda Killingworth,Female,28,SAG,LFR,backpacking adventure,3,2023-08-06T10:18:47Z
Obediah Willets,Male,39,BMO,ERC,vacation,0,2023-11-06T19:14:43Z
Arlen Rapa,Female,32,HDR,FVL,volunteering,15,2023-10-20T05:11:50Z
Nat Randalston,Male,33,PHM,THU,vacation,9,2023-05-19T01:51:52Z
Aldwin O'Sherin,Male,31,ELB,LNN,studying,7,2023-12-24T20:46:28Z
Mack Dounbare,Male,60,SZQ,CTB,honeymoon,3,2023-12-18T15:17:05Z
Shanan Rivalant,Male,21,SXQ,HIS,vacation,12,2023-11-27T15:12:48Z
Selby Grigorian,Male,52,MIB,LWI,honeymoon,3,2023-06-04T02:30:14Z
Corny Linfitt,Male,25,0,QLF,backpacking adventure,10,2024-01-04T23:43:31Z
Belia Eytel,Female,48,GJR,CZA,volunteering,3,2024-01-01T19:08:54Z
Burtie Peggrem,Male,49,CMI,BKK,cultural exchange program,13,2023-06-17T06:08:32Z
Alene Spavins,Female,48,YKD,QOW,cultural exchange program,15,2023-07-28T06:56:01Z
Nero Giorgietto,Male,45,GOV,MON,volunteering,8,2023-10-30T07:45:10Z
Alaster Djurisic,Male,29,KBI,HTU,volunteering,11,2023-08-19T07:34:16Z
Fabe Newens,Male,46,BFD,LYC,vacation,5,2024-02-19T18:06:27Z
Helene Keighly,Female,52,PMA,OLS,backpacking adventure,0,2023-07-04T03:58:43Z
Sherill Ravenshaw,Female,55,KOZ,CKC,cultural exchange program,12,2024-01-13T08:50:29Z
Nadiya Coopey,Female,32,PAX,BZN,honeymoon,13,2023-07-14T00:38:38Z
Sherman Hapgood,Male,48,BSX,OSI,business trip,4,2023-12-04T08:50:29Z
Lindsay Jouandet,Female,45,NDK,NCJ,business trip,9,2023-06-15T20:43:58Z
Gayle MacRedmond,Male,32,HOO,MAA,cultural exchange program,13,2023-11-25T15:35:59Z
Loutitia Villaron,Female,35,WAW,NYU,cultural exchange program,8,2023-12-14T07:37:14Z
Doris Gludor,Polygender,39,SRQ,PKP,business trip,9,2023-11-30T06:36:00Z
Ailee Perigoe,Female,27,RHG,CDA,studying,3,2023-05-25T12:32:38Z
Brande Lindwall,Female,56,RUT,YMK,honeymoon,14,2024-04-22T01:07:23Z
Ulric Peteri,Male,20,VMI,SFM,vacation,12,2024-02-15T15:45:52Z
Kelsey Alennikov,Male,52,AAQ,GIU,attending a conference,14,2023-11-11T15:19:20Z
Kalina Klimpke,Female,48,MMO,TOI,volunteering,13,2024-04-10T19:49:55Z
Jerad Jeary,Male,25,BIJ,LSX,studying,12,2023-06-19T03:51:16Z
Carol Meecher,Female,54,UPN,KVD,studying,12,2024-04-16T07:59:26Z
Fairfax Phelit,Male,28,CEM,KWB,vacation,2,2023-08-12T09:01:52Z
Woodman Garfath,Male,59,YNE,EKO,cultural exchange program,14,2023-07-23T19:09:05Z
Dukey Sagar,Male,35,JXN,SLX,vacation,4,2023-07-16T17:39:49Z
Albrecht Attkins,Male,60,ZEM,CCT,volunteering,8,2023-09-14T00:26:51Z
Verla Childes,Female,28,CHM,ROS,studying,13,2024-01-11T18:41:55Z
Granny Gisby,Male,45,KNH,BBR,volunteering,1,2023-09-16T15:55:52Z
Ab Joul,Male,41,NYT,QSI,volunteering,1,2024-01-19T17:06:37Z
Dru Knapton,Male,51,XIC,INY,cultural exchange program,2,2023-09-26T19:31:36Z
Isacco Cheltnam,Male,46,GRD,SPT,business trip,6,2024-01-30T05:44:16Z
Mirella Dowyer,Female,31,BIN,PRE,cultural exchange program,3,2023-09-11T07:56:01Z
Jarrid Karolowski,Male,34,MLK,NIB,cultural exchange program,3,2023-07-22T03:32:54Z
Dannie Bonsey,Female,24,SAM,OSR,vacation,2,2024-02-21T20:11:19Z
Barnett Cuniam,Male,36,MNO,LRU,attending a conference,11,2023-10-24T03:46:16Z
Bentley Truesdale,Male,24,FNC,WRZ,business trip,14,2023-09-28T03:30:03Z
Dewitt Lamblin,Male,60,UMU,BRE,studying,3,2024-02-18T12:14:29Z
Rodney Lethardy,Genderqueer,31,BUT,TDN,business trip,7,2023-12-07T08:58:40Z
Sabra Witherdon,Female,40,MBB,BKU,cultural exchange program,4,2023-09-30T19:17:51Z
Enrichetta Anton,Female,51,NOZ,RFA,cultural exchange program,2,2023-10-26T05:25:41Z
Etienne Howood,Male,52,DEX,ERF,volunteering,7,2023-07-25T08:39:42Z
Harwilll Planque,Male,27,BVS,NBX,honeymoon,6,2023-07-11T23:55:35Z
Holly Baldassi,Female,45,CUE,SBQ,studying,15,2024-02-11T23:05:28Z
Nessi Snoad,Female,51,VNA,CZS,business trip,11,2023-06-17T16:45:55Z
Kirk Durante,Male,44,UKR,ESN,honeymoon,5,2024-03-13T21:07:35Z
Tomasine Blackall,Female,23,TDR,EPT,cultural exchange program,3,2024-05-03T00:19:29Z
Scott Foxton,Male,32,YXC,PLM,honeymoon,10,2024-03-07T12:40:41Z
Ingeberg Marieton,Bigender,26,GTT,PDF,cultural exchange program,14,2023-09-18T05:20:22Z
Clement Benford,Genderfluid,35,SIA,MXH,attending a conference,9,2023-09-04T16:02:40Z
Bertha Pfaffel,Female,38,BTL,OMA,business trip,13,2023-09-25T05:14:21Z
Adolpho Mellows,Male,47,CWP,WET,studying,15,2024-01-09T09:34:12Z
Kinna Southard,Female,33,ABU,ILD,volunteering,12,2024-02-15T10:05:53Z
Conrado Pinare,Male,34,SOJ,DLM,business trip,12,2023-08-16T15:19:42Z
Craggie Kindread,Male,20,SON,TSV,vacation,4,2024-03-22T02:25:15Z
Lemuel Weymouth,Male,40,PPF,GEX,attending a conference,3,2024-01-29T15:13:12Z
Carita Saggs,Female,24,BKC,BXX,cultural exchange program,4,2023-08-22T03:33:52Z
Sibeal Grovier,Agender,57,WSR,NOD,backpacking adventure,10,2023-12-18T20:39:40Z
Neila Fritschmann,Non-binary,55,BHT,ABJ,business trip,12,2023-07-10T19:53:59Z
Rudiger McPike,Male,60,HGZ,VRN,business trip,3,2023-08-06T01:45:13Z
Emogene Moxley,Female,57,MXI,SSB,backpacking adventure,15,2023-08-20T08:15:26Z
Delainey Kydde,Male,51,APH,MRN,vacation,14,2023-06-09T08:13:57Z
Olag Parminter,Male,48,ASP,TRD,honeymoon,0,2023-11-09T12:30:57Z
Augusto Orr,Male,42,HTL,MXH,cultural exchange program,5,2023-10-06T02:57:32Z
Ariella Kneller,Female,20,RBX,YEK,business trip,9,2023-06-20T13:09:33Z
Janot Worrill,Female,21,ZJI,JOE,honeymoon,4,2024-01-17T06:33:58Z
Shari Jery,Bigender,52,PTF,TIU,vacation,11,2023-12-09T03:22:29Z
Kit Ram,Male,48,BNI,NMG,business trip,0,2023-08-27T12:36:43Z
Wally Kitchingman,Male,46,NUX,TMS,business trip,0,2023-07-10T14:29:26Z
Salomone Kiloh,Male,50,HYL,ZSJ,backpacking adventure,3,2023-05-20T09:38:15Z
Frants Room,Male,28,LWY,GAM,vacation,12,2023-05-14T21:12:14Z
Terrell Ginnell,Male,31,MKC,YQL,honeymoon,14,2024-03-26T11:20:02Z
Englebert Ethridge,Male,45,KDK,WYA,attending a conference,8,2023-07-15T00:53:57Z
Elizabet Grainger,Female,43,BLH,QSN,studying,11,2024-04-21T15:58:10Z
Marion Tale,Female,20,MRU,WWP,vacation,14,2024-04-26T18:12:03Z
Ernestus Cunney,Male,57,TDK,TJM,volunteering,11,2023-11-03T08:37:34Z
Darcy Sickamore,Male,22,OBE,GOB,honeymoon,1,2024-02-09T08:54:52Z
Vinson Logesdale,Male,49,JRH,BWN,honeymoon,8,2024-04-21T18:34:32Z
Hazlett Scraney,Male,26,COK,DBN,honeymoon,13,2023-08-27T01:50:19Z
Carolin Scipsey,Female,44,MME,PIA,business trip,12,2023-06-24T05:25:37Z
Carey Kimpton,Male,51,GWO,YVZ,vacation,10,2024-02-07T12:41:32Z
Abby Schrinel,Male,32,TUE,DHG,backpacking adventure,7,2023-10-09T05:44:41Z
Euell Canfer,Male,59,COL,ERE,studying,10,2023-09-30T10:38:52Z
Wren McGrah,Female,20,CIZ,FLZ,business trip,13,2023-11-22T21:07:51Z
Keenan Dymond,Male,37,AHU,MST,backpacking adventure,14,2023-08-29T12:42:07Z
Marney Nussii,Female,35,RBI,KTV,vacation,10,2023-12-16T10:11:55Z
Malorie Zapatero,Female,21,MAI,OUE,attending a conference,0,2023-11-28T20:29:20Z
Kasper Enrrico,Male,30,AIE,OLM,cultural exchange program,4,2023-10-31T15:38:12Z
Cairistiona Saffon,Female,49,NNU,GEG,cultural exchange program,8,2023-08-10T01:06:56Z
Carlyle Mumberson,Male,21,YUB,ETN,studying,14,2024-04-09T03:18:11Z
Boyd Sculpher,Male,56,ABT,OCS,attending a conference,0,2023-12-11T06:57:26Z
Bridget Fairfull,Female,23,EBD,AYN,business trip,14,2023-07-25T18:45:30Z
Starr Vasyagin,Female,40,BNX,ZGM,honeymoon,15,2023-12-14T12:29:15Z
Sid Brantl,Genderqueer,33,DZN,LTL,honeymoon,13,2024-01-14T10:40:20Z
Ambrosio Bunney,Bigender,59,ISI,JGD,volunteering,3,2023-05-12T20:50:22Z
Jean Mizen,Female,26,PIK,SQJ,vacation,15,2023-11-11T19:26:57Z
Jeannine Moreing,Female,21,BTY,DTD,honeymoon,0,2023-10-13T15:25:04Z
Chancey Venus,Male,40,CDJ,TPI,backpacking adventure,10,2023-10-05T06:54:15Z
Leoine Frounks,Female,58,INI,PWD,honeymoon,4,2023-06-06T22:59:10Z
Debbi Fern,Female,37,MPO,ABH,cultural exchange program,13,2023-11-24T05:18:03Z
Aileen Downe,Female,27,QPH,SDM,volunteering,8,2024-02-17T06:54:59Z
Rodge Bisco,Male,45,LGB,KLX,attending a conference,2,2023-05-23T07:53:59Z
Prentiss Manders,Male,48,OSN,SLK,backpacking adventure,8,2023-08-07T15:36:00Z
Imojean Mille,Female,30,KGD,JUO,volunteering,7,2023-09-28T23:17:54Z
Howie Gebbe,Male,46,WUU,RVA,vacation,3,2023-06-29T16:47:29Z
Trula Baggott,Female,55,EOH,CCC,backpacking adventure,1,2023-05-22T08:19:28Z
Gwenny Hesey,Female,52,SNB,BEU,backpacking adventure,11,2024-01-10T04:31:01Z
Aundrea Elcock,Female,52,LGC,FEZ,cultural exchange program,13,2023-06-22T06:00:49Z
Lori Delouch,Bigender,40,KHE,TSR,vacation,8,2023-07-05T11:53:41Z
Hewie Hubatsch,Male,30,BDN,DVL,volunteering,8,2023-07-31T04:27:48Z
Anthony de Quesne,Male,54,PBQ,EIH,volunteering,9,2023-11-18T05:18:06Z
Brett Killingworth,Female,20,EBH,EBL,backpacking adventure,11,2023-07-06T18:33:53Z
Vail Guilford,Male,54,FAY,PNT,cultural exchange program,13,2023-09-10T16:49:38Z
Schuyler Pidgeley,Male,28,BKY,OGE,cultural exchange program,0,2024-04-09T18:30:32Z
Erin Hannon,Male,57,OBC,ATU,cultural exchange program,3,2024-03-02T00:10:07Z
Gare Quickfall,Male,46,CCS,KHS,studying,14,2023-11-14T11:05:46Z
Trixi Wyeth,Female,38,WCR,DRE,honeymoon,14,2023-11-07T16:13:33Z
Sonnie Allanson,Female,59,BGH,BPD,volunteering,7,2024-02-16T08:10:32Z
Helli Danilovitch,Female,27,SSA,USQ,cultural exchange program,15,2023-12-23T04:26:46Z
Engelbert Cheves,Male,31,SJN,MFN,cultural exchange program,3,2023-08-15T11:22:14Z
Wash Yanyushkin,Male,39,YDN,PDF,vacation,14,2023-10-17T20:39:26Z
Keely Emmanuele,Female,44,KTX,PSV,backpacking adventure,4,2024-01-27T04:52:35Z
Ode Crennan,Male,21,DGF,AKT,honeymoon,8,2023-11-01T22:03:23Z
Thia Creedland,Female,49,EAE,0,business trip,7,2024-03-25T22:51:52Z
Zacherie Izak,Male,33,PYK,EZV,studying,7,2024-04-01T05:24:35Z
Bette-ann Wooding,Female,39,BOW,LGU,cultural exchange program,11,2023-05-14T23:27:55Z
Caprice Birkwood,Female,59,RPR,KRZ,vacation,1,2024-04-16T22:32:19Z
Renato Bendel,Genderfluid,45,GBT,HKY,attending a conference,11,2024-04-27T16:32:17Z
Vidovik Benger,Male,42,RLT,BXZ,volunteering,6,2023-05-16T09:16:45Z
Caldwell Joscelyn,Male,22,RDZ,MTM,studying,7,2023-10-31T15:36:16Z
Orsola Argyle,Female,45,ETZ,MQA,cultural exchange program,0,2023-12-05T09:48:56Z
Euphemia Grinsted,Female,27,TDW,NWI,studying,7,2023-11-25T09:29:15Z
Archer Hasell,Male,53,CCG,UNC,studying,9,2023-11-12T15:07:05Z
Isacco Georghiou,Male,39,GGC,ISP,attending a conference,2,2023-09-02T10:23:53Z
Arv Darthe,Male,39,KDN,TKL,cultural exchange program,11,2024-02-09T02:18:01Z
Maxine Klawi,Female,55,PWL,WMK,volunteering,3,2023-09-27T16:03:18Z
Ignatius Trembley,Male,59,KSI,KHG,attending a conference,6,2023-08-22T00:14:17Z
Odo Yule,Male,38,PSX,IRZ,studying,4,2023-09-06T11:20:57Z
Shermy Petroselli,Male,40,YDB,SYI,volunteering,7,2024-03-18T10:05:46Z
Shaylynn Revelle,Female,35,MWT,GST,cultural exchange program,13,2023-08-30T01:29:59Z
Steward Vakhonin,Male,26,BTL,RVV,backpacking adventure,6,2023-05-30T17:57:20Z
Nikolai Melchior,Male,51,HOI,HRY,honeymoon,0,2023-09-08T09:33:51Z
Kristine Keirl,Female,36,VLG,ZFM,vacation,13,2023-10-14T15:59:57Z
Donelle Davidzon,Female,24,PEM,LUN,studying,11,2023-10-22T19:27:04Z
Bronny Aspling,Male,47,SBH,BRB,studying,4,2023-11-19T18:09:20Z
Lil Kersley,Female,22,HOG,HUK,cultural exchange program,9,2023-12-29T02:49:25Z
Dee Duny,Female,52,GUV,AHD,honeymoon,8,2023-07-09T02:15:21Z
Luella Hawsby,Female,34,ALZ,PNH,attending a conference,8,2023-07-11T06:02:28Z
Ellsworth Lawrie,Male,24,JCY,TCN,vacation,6,2023-07-02T12:12:24Z
Gideon Giraudou,Male,55,PGP,INS,volunteering,4,2023-08-08T19:03:50Z
Madalena Jepensen,Female,54,PPZ,LPN,cultural exchange program,12,2023-09-08T04:47:57Z
Ediva Saph,Female,37,TFF,OHS,backpacking adventure,8,2024-01-19T08:43:41Z
Marchall Joplin,Agender,58,IFN,TAW,vacation,3,2024-01-26T20:29:22Z
Huntington McCafferty,Male,43,YKX,DYW,business trip,11,2023-08-31T12:40:18Z
Francine Heinsius,Female,35,GRF,YBH,attending a conference,12,2023-05-09T22:16:00Z
Prinz Clapshaw,Male,35,VOL,RSW,honeymoon,14,2023-09-18T23:36:23Z
Conn Tibbs,Male,30,LUK,HFT,honeymoon,6,2023-07-07T12:39:57Z
Laina Piddocke,Female,24,THS,JJD,attending a conference,10,2023-09-25T18:11:17Z
Quentin Sterricker,Female,59,YWA,0,vacation,9,2024-02-15T05:15:38Z
Chip Prendergrast,Male,44,IWA,YYQ,backpacking adventure,1,2023-09-20T07:04:48Z
Karel Ladel,Male,26,TNE,CKI,honeymoon,12,2024-01-31T06:37:42Z
Maiga Brymner,Female,54,LKN,GIU,backpacking adventure,12,2024-01-23T03:41:47Z
Ailene Pestricke,Female,31,NUB,OKQ,vacation,15,2023-12-19T02:45:18Z
Caty Choak,Female,24,TMO,GPA,honeymoon,6,2023-08-15T18:42:07Z
Essie Daybell,Female,57,EJN,RMT,studying,14,2023-06-23T22:04:03Z
Pen McIlharga,Male,31,MTH,EYS,backpacking adventure,0,2023-05-22T02:27:37Z
Tillie Brennenstuhl,Female,22,FAS,MYW,studying,12,2023-10-13T14:08:34Z
Filmer Febry,Male,59,PUS,KGE,honeymoon,6,2023-07-21T17:26:09Z
Fawn O'Donnelly,Female,34,HGR,TTC,cultural exchange program,9,2024-04-05T08:01:42Z
Madison Heam,Male,33,ENY,MBY,attending a conference,4,2023-09-19T02:47:46Z
Sabrina Iveans,Female,51,CMP,ULI,volunteering,7,2024-04-26T21:36:49Z
Abbye Graysmark,Female,42,NDU,SPV,backpacking adventure,12,2024-03-20T06:19:16Z
Alysia Sedger,Female,20,MRZ,SPH,attending a conference,0,2024-03-19T21:41:38Z
Sherie Vanyatin,Female,44,LLV,KKE,vacation,14,2023-09-24T21:41:12Z
Addie MacAndreis,Female,29,DBP,MPK,cultural exchange program,7,2023-07-05T10:54:23Z
Sterling Diplock,Male,43,CMX,GWW,cultural exchange program,4,2023-10-16T11:39:06Z
Alleen Rustadge,Female,20,ALT,PLY,business trip,14,2023-11-07T12:18:25Z
Andee Tender,Female,53,DZN,NUU,attending a conference,5,2023-12-12T00:11:33Z
Paolo Gowdridge,Male,33,KBM,CON,volunteering,11,2023-09-22T12:19:47Z
Modestia Noseworthy,Female,21,MPY,SKH,business trip,11,2023-12-04T01:08:22Z
Hardy Jaksic,Polygender,29,MVT,NTT,studying,6,2023-10-31T08:59:56Z
Lilias Huet,Female,21,UMM,AOB,business trip,15,2023-10-27T14:51:05Z
Dorie Perkis,Non-binary,44,MGL,IBZ,vacation,5,2024-04-05T17:14:18Z
Juana Kitman,Female,25,GZI,OCV,volunteering,14,2024-04-06T04:00:15Z
Willamina Gumn,Female,33,YSA,SCC,business trip,4,2023-09-13T16:42:58Z
Benedetto Hemphrey,Male,56,HXD,KRT,volunteering,4,2023-12-18T04:38:39Z
Francesca Franceschielli,Female,32,THX,MAZ,backpacking adventure,8,2024-04-26T03:29:19Z
Leon Blanpein,Male,36,OFK,FLA,attending a conference,9,2023-11-02T22:45:27Z
Rasla Eiler,Female,43,KMO,TOU,business trip,11,2023-08-14T20:29:05Z
Misha Mitcheson,Female,47,BBS,SMB,honeymoon,10,2023-07-27T09:22:07Z
Richie Ribou,Male,38,KCD,CML,attending a conference,0,2024-03-08T06:08:48Z
Carina Dunbobin,Female,56,CPD,SIB,honeymoon,6,2023-06-13T10:05:05Z
Nicki Heal,Female,60,DNP,GCD,vacation,8,2024-04-23T04:18:52Z
Eliot Van Dale,Male,47,OSW,BJL,business trip,0,2024-02-20T23:56:09Z
Shamus Burborough,Male,56,ZVK,JSH,attending a conference,11,2023-09-29T23:57:12Z
Seana Plimmer,Female,45,GDA,RIE,attending a conference,14,2023-12-03T10:22:40Z
Federica Fuke,Female,35,MDJ,HMG,cultural exchange program,14,2024-01-26T14:38:17Z
Hal Dufton,Male,37,KZN,YZT,honeymoon,8,2023-05-08T00:21:47Z
Kamila Stenhouse,Female,21,TEI,YYE,studying,15,2023-07-14T18:44:45Z
Tracey Bugg,Male,47,CCW,WSB,backpacking adventure,6,2023-10-04T06:06:34Z
Trevor Tedridge,Male,25,WBD,KOI,attending a conference,14,2023-06-15T21:04:49Z
Marina Rilston,Genderfluid,48,JTR,CKS,vacation,11,2023-12-03T17:38:06Z
Haslett Halliwell,Male,27,TOI,YHA,honeymoon,3,2023-09-29T21:00:27Z
Alicia Jakab,Female,43,DOY,LIA,backpacking adventure,1,2024-01-31T15:52:37Z
Jermayne Colly,Male,54,DAP,TLJ,cultural exchange program,0,2024-02-19T01:24:16Z
Madlin Gunderson,Female,48,LSO,AIZ,business trip,1,2024-01-22T15:56:17Z
Aloisia Learman,Female,40,ZBK,CUN,honeymoon,5,2024-01-31T12:37:35Z
Izaak Losselyong,Bigender,31,OTK,EUC,honeymoon,10,2024-03-18T23:48:57Z
Nickolas Kingsman,Male,46,RKS,SEP,vacation,0,2024-01-24T05:15:38Z
Tandi Elves,Female,27,JDZ,RMT,backpacking adventure,13,2024-02-21T00:39:40Z
Delainey Armstrong,Male,28,FCA,WGU,business trip,2,2024-02-03T15:01:54Z
Morgana Gorrick,Female,28,ZMT,EYS,honeymoon,14,2023-10-16T07:27:10Z
Roderich Casemore,Male,54,AIN,OLZ,cultural exchange program,8,2024-01-09T05:46:47Z
Corina Rasor,Female,39,KBF,MJJ,backpacking adventure,0,2024-03-19T20:10:26Z
Dimitry Siddell,Male,21,EOI,BBX,cultural exchange program,2,2024-04-03T20:31:07Z
Ban Zuanelli,Male,40,GNY,ICN,studying,5,2024-01-31T23:56:45Z
Kiley Tumilson,Female,46,WRO,0,volunteering,4,2023-10-20T17:38:58Z
Hester Dunnaway,Female,51,VLK,OAI,backpacking adventure,5,2023-07-30T17:32:55Z
Pate McLinden,Bigender,36,IKS,CQD,studying,8,2023-09-10T19:02:53Z
Rochella Drinkel,Female,40,SBC,OMH,backpacking adventure,4,2023-12-28T22:08:40Z
Hobey Ker,Male,24,SNU,NDY,honeymoon,8,2023-05-24T16:47:03Z
Eduardo Owens,Male,35,REI,YVR,volunteering,1,2024-02-06T19:14:12Z
Liam Congram,Agender,27,HYV,YUM,vacation,3,2024-05-02T07:45:11Z
Antonella Pestell,Female,49,ELB,HUU,business trip,2,2023-06-06T10:33:04Z
Elyn Tye,Female,59,MAZ,KCZ,studying,3,2023-10-05T13:13:51Z
Eleonora Martinec,Female,32,LSZ,CFG,business trip,10,2023-07-04T15:39:27Z
Earle Esmonde,Male,33,WJU,CFI,volunteering,12,2023-07-07T00:42:46Z
Boot Whittenbury,Male,54,STC,MAM,attending a conference,14,2023-05-28T09:10:41Z
Kalil Costin,Male,41,XMA,VYS,volunteering,10,2023-09-17T11:21:04Z
Jillene Marsden,Non-binary,37,FLW,YOH,volunteering,4,2023-07-23T02:23:37Z
See Wingham,Male,54,IPU,CUV,attending a conference,14,2023-07-27T15:40:26Z
Hugo Windebank,Male,21,CKR,IKI,business trip,0,2023-06-12T16:43:52Z
Dionis Klimkin,Bigender,49,PAH,MNH,cultural exchange program,9,2023-11-24T09:30:20Z
Meriel Winward,Female,31,YYG,PBU,business trip,2,2024-01-17T18:25:40Z
Rockie Ide,Male,52,PAO,USR,cultural exchange program,0,2023-12-27T08:34:27Z
Rodie Larvent,Female,50,IEG,PMV,business trip,6,2023-11-29T01:21:32Z
Axel De Zamudio,Male,21,INQ,AGG,attending a conference,0,2024-03-10T05:48:08Z
Nari Raggatt,Female,50,YHU,VAF,business trip,4,2023-10-15T08:21:09Z
Cirstoforo Puller,Male,30,YVR,AKO,volunteering,13,2023-08-11T05:43:27Z
Galen Riddel,Male,54,KSV,JCJ,honeymoon,7,2023-06-04T02:42:45Z
Fidela Cescot,Non-binary,46,KSK,AUQ,attending a conference,11,2023-06-14T22:01:51Z
Vevay MacGiolla,Female,37,SEN,WVK,cultural exchange program,6,2023-11-04T10:03:00Z
Pattin Crammy,Male,24,TTL,PHS,studying,6,2024-03-07T23:13:00Z
Mal Mattocks,Male,42,GRN,ZBF,attending a conference,15,2023-10-19T13:31:28Z
Edd Shorie,Male,56,SPA,RFN,studying,6,2024-02-21T13:00:07Z
Konstantine Maccaddie,Male,23,SWQ,LLM,backpacking adventure,4,2023-09-28T18:05:32Z
Merralee Jamison,Female,20,OVB,KUS,backpacking adventure,10,2024-04-19T03:48:41Z
Adrea Dollar,Female,59,MCK,MOU,vacation,2,2023-07-30T20:38:38Z
Onida Delacoste,Female,30,OAN,YAR,volunteering,4,2024-02-09T20:18:39Z
Berk Trippitt,Male,21,MMD,YHY,attending a conference,5,2023-05-30T07:58:20Z
Kippar Durant,Male,24,MAZ,PPN,business trip,4,2023-05-08T15:07:27Z
Garnette Frizell,Female,29,YFO,EAT,vacation,14,2023-10-09T21:53:39Z
Carilyn Dudek,Female,29,CWF,ENY,business trip,5,2023-08-12T00:13:47Z
Annora Nourse,Female,52,SGR,VCT,honeymoon,4,2024-03-21T13:29:12Z
Flossy Creigan,Female,44,PLT,ZGU,business trip,10,2023-10-11T11:28:12Z
Ollie Boshere,Male,42,OIA,YOS,attending a conference,2,2023-09-01T11:29:44Z
Oswald Oke,Male,37,TSM,YKQ,vacation,15,2023-06-25T01:29:14Z
Lane Bullard,Female,47,BML,SXP,business trip,3,2023-07-20T03:32:33Z
Durante Kilgrove,Male,60,NGU,HYF,studying,11,2024-02-22T07:37:51Z
Brockie Lampaert,Male,48,PYM,ZDY,business trip,6,2023-08-30T16:09:34Z
Matteo Saunder,Male,60,JCH,MZC,attending a conference,5,2023-09-23T20:27:30Z
Rheta Cahani,Female,56,ADX,RZR,honeymoon,11,2024-01-29T23:59:15Z
Nanni Flaverty,Female,47,GEC,KNQ,studying,1,2023-12-30T08:50:16Z
Cello Mitie,Male,20,RHA,AGQ,vacation,0,2023-06-12T01:41:43Z
Audi Bourges,Female,39,SLD,YMV,studying,8,2023-12-30T19:32:30Z
Jean Casham,Male,49,PNY,ROT,vacation,4,2023-05-10T21:58:16Z
Jordon Parfett,Male,51,AKT,SIV,backpacking adventure,0,2023-10-15T01:02:47Z
Constance Grindley,Female,38,YIN,BXW,vacation,6,2023-06-06T03:43:06Z
Lorette Rowter,Agender,51,WGT,CGY,attending a conference,9,2024-03-26T19:09:05Z
Hobard Sudddard,Male,55,ARL,KJI,honeymoon,9,2023-11-30T17:05:31Z
Jon Garriock,Male,48,UES,TDJ,vacation,7,2023-05-22T02:40:19Z
Jules O'Cannavan,Male,51,CXB,GTI,attending a conference,5,2024-03-03T22:04:01Z
Cyndi Forlong,Female,55,FWL,CKK,business trip,4,2023-10-03T05:35:28Z
Willi Aitken,Female,37,LKK,NIX,vacation,12,2023-06-21T16:29:46Z
Mohandis Acock,Male,49,HGA,RFS,vacation,6,2024-01-24T09:03:56Z
Lou Cade,Female,31,SFM,NSY,studying,4,2023-12-20T21:03:47Z
Blondell Lermouth,Female,24,TBM,NUI,attending a conference,11,2023-07-09T13:33:59Z
Matelda Glave,Female,40,PNX,YQX,vacation,4,2023-06-12T08:13:49Z
Star Sellstrom,Female,35,DWC,YDP,volunteering,12,2024-03-06T01:27:08Z
Tad Pennyman,Male,29,JCJ,TDL,volunteering,8,2024-02-18T06:16:16Z
Lina Casino,Female,20,FXO,CDR,vacation,0,2024-01-31T13:01:48Z
Ranee Folli,Female,52,GML,KKX,volunteering,1,2023-05-31T03:11:10Z
Hodge Klempke,Male,27,RZE,YGH,cultural exchange program,10,2023-09-20T11:51:04Z
Tiff Cothey,Female,56,YNZ,MOT,business trip,7,2024-04-04T07:17:45Z
Sibylle Hellsdon,Female,38,MDJ,CHJ,honeymoon,12,2023-07-14T01:55:18Z
Lou Hazeldine,Female,44,AZP,EHM,studying,11,2024-01-03T23:56:08Z
Skip Lambotin,Male,28,MXI,BXG,vacation,2,2024-03-07T17:21:53Z
Thor McNeilley,Male,59,LWI,MIF,attending a conference,3,2023-07-31T08:13:47Z
Dode Debney,Female,43,CBM,SMQ,studying,4,2023-05-30T16:37:13Z
Nevile Towndrow,Male,30,GTG,FOT,business trip,10,2023-10-06T05:39:05Z
Ginny Cowing,Female,23,AXD,THI,volunteering,14,2024-04-23T07:18:30Z
Yalonda Pannaman,Female,37,MDC,SXP,honeymoon,3,2024-03-31T03:20:38Z
Clovis O'Sheils,Female,45,VIR,PTZ,volunteering,3,2023-10-29T19:35:59Z
Hayden Scurfield,Male,33,KPR,CDU,vacation,2,2024-04-07T01:01:26Z
Cecily Tozer,Female,26,SLU,0,volunteering,7,2024-01-31T05:28:26Z
Elsbeth Gligorijevic,Female,41,UBB,TVY,cultural exchange program,6,2024-01-20T05:25:46Z
Lilia Brookshaw,Non-binary,52,BEJ,COR,backpacking adventure,7,2024-03-20T19:59:46Z
Raoul Seniour,Male,49,IBE,GZW,attending a conference,8,2023-06-03T16:34:03Z
Bryna Attew,Female,58,ALN,XIG,vacation,7,2023-11-18T08:42:35Z
Demetra Henken,Female,21,CDO,0,cultural exchange program,10,2023-10-19T17:21:48Z
Konstantine Duguid,Male,58,KLE,KLJ,vacation,12,2023-06-16T06:52:33Z
Marchall Klugman,Male,48,BZE,KLW,vacation,11,2024-02-02T20:12:30Z
Merilee Westrip,Female,50,NUD,SWB,volunteering,8,2023-09-23T04:30:00Z
Lodovico Braundt,Male,35,XSD,ECH,cultural exchange program,14,2023-05-17T18:47:42Z
Morie Cromack,Male,21,KIN,SNT,business trip,10,2023-05-25T19:14:36Z
Marlow Munday,Male,35,PPZ,UGS,vacation,8,2024-02-09T17:33:29Z
Bessy Vouls,Agender,24,CTE,MVO,volunteering,10,2024-03-10T09:50:40Z
Ashby Ofer,Male,24,OGR,MIN,cultural exchange program,9,2023-08-25T11:06:48Z
Ashla Please,Female,41,TIM,APY,attending a conference,4,2024-02-04T17:24:47Z
Britney Webster,Female,52,TTQ,ODO,volunteering,2,2023-05-18T21:27:29Z
Aloysius Exon,Male,43,MBL,SOD,honeymoon,3,2024-02-29T17:29:07Z
Ansell Moorfield,Male,44,SDI,KLZ,cultural exchange program,13,2024-04-03T21:24:04Z
Antonius Farnorth,Male,59,YRS,CNC,honeymoon,12,2024-02-10T05:51:44Z
Erda Stear,Female,29,PIE,IAM,volunteering,11,2023-09-30T16:27:49Z
Bernardine Kelso,Female,37,TBY,AGC,studying,4,2023-09-26T23:52:44Z
Jackelyn Handsheart,Female,38,XIJ,HRC,business trip,3,2023-09-29T12:15:52Z
Tiphanie Becker,Female,43,CLO,HKP,vacation,7,2023-09-21T06:20:57Z
Dorree Jacobi,Female,40,YZR,URM,attending a conference,0,2024-02-01T22:15:01Z
Frederich Tregear,Male,36,YYW,LVB,cultural exchange program,4,2023-08-26T20:44:10Z
Cherry Rickasse,Female,55,KSJ,YKS,honeymoon,2,2023-12-05T13:25:17Z
Umberto Rewcassell,Male,42,BIM,URA,vacation,2,2023-06-26T17:59:56Z
Madeline Crummay,Female,51,TML,KBX,business trip,13,2023-06-22T14:46:32Z
Brigitta Elder,Female,21,SUX,HBA,backpacking adventure,9,2024-02-03T14:43:13Z
Evered McConnel,Male,44,0,CXJ,honeymoon,3,2024-03-03T12:46:53Z
Jobey Dugue,Female,58,HAD,AFO,backpacking adventure,3,2023-12-13T10:09:44Z
Rory Duckering,Female,35,PLK,HKV,cultural exchange program,2,2024-04-10T09:10:31Z
Solly Stanyan,Male,55,PBH,LEV,backpacking adventure,6,2023-07-01T10:02:13Z
Birgit Foard,Female,51,ASZ,ICN,studying,10,2024-04-09T16:49:27Z
Dominique Cobbled,Male,50,SUM,UTN,volunteering,8,2024-05-06T12:05:01Z
Sharleen Bickerstaff,Female,29,HVE,AMQ,business trip,15,2023-11-19T13:32:07Z
Berk Hedley,Male,31,OKA,BMT,studying,3,2023-10-03T09:34:11Z
Luis Blackaller,Agender,21,FLO,RKU,business trip,5,2023-12-26T03:07:56Z
Rodrique Matchell,Male,27,AEB,CSB,honeymoon,2,2024-01-28T05:29:37Z
Harlin Gai,Male,31,CZS,HAE,vacation,13,2024-01-15T23:38:45Z
Hebert Russan,Male,41,BSP,KKY,studying,15,2023-11-12T21:29:34Z
Carmon Lipscomb,Female,29,ENL,KRV,backpacking adventure,4,2023-08-01T11:38:19Z
Camala Casement,Female,27,PWY,WXN,volunteering,8,2023-07-22T10:21:28Z
Waylan Poulglais,Male,22,TKD,NAJ,cultural exchange program,4,2024-03-29T05:25:44Z
Lockwood Fricke,Male,38,ASP,AEG,backpacking adventure,15,2023-08-16T14:37:36Z
Lanae Tyne,Female,60,AEB,ZSP,cultural exchange program,8,2024-05-05T15:53:05Z
Orella Wandrach,Female,32,GDO,PHA,vacation,4,2024-04-16T21:25:39Z
Ronna Halliday,Female,29,OTM,SJX,honeymoon,13,2024-04-02T10:14:25Z
Sofie Trehearn,Female,41,GOE,SDI,backpacking adventure,13,2023-05-25T11:50:50Z
Linnet Holton,Female,42,ESP,YMX,business trip,9,2023-09-21T05:02:16Z
Loria MacRannell,Female,33,HBD,HMG,volunteering,6,2023-09-08T07:12:02Z
Alexandros Geeson,Male,49,TRN,KLW,backpacking adventure,0,2023-07-21T18:49:10Z
Corinna Fremantle,Female,35,HIE,KSW,studying,9,2023-06-20T17:04:50Z
Harley Brunke,Female,35,GSY,DNQ,studying,10,2024-04-15T09:02:04Z
Cortie Bogart,Male,46,OAL,GRZ,volunteering,7,2024-03-29T08:46:36Z
Ellary Tocknell,Male,53,YFI,PKT,cultural exchange program,15,2024-04-14T09:57:35Z
Eydie Simonetti,Female,51,PED,ASF,backpacking adventure,4,2024-02-13T20:42:21Z
Elton Tett,Male,33,TFL,XRY,studying,1,2024-01-07T21:57:19Z
Anthia Soloway,Female,44,TKY,NGK,business trip,12,2023-11-12T01:14:22Z
Hartwell Ganforthe,Male,44,RSL,RES,cultural exchange program,12,2023-09-03T21:26:17Z
Windy Sabatier,Female,21,KFA,ROL,honeymoon,7,2024-02-29T03:41:09Z
Leia Beals,Female,27,JGS,UWA,business trip,10,2024-03-26T20:24:12Z
Terrel Pickthorn,Male,55,OAJ,DLD,volunteering,2,2023-06-22T21:31:50Z
Vanessa Fayers,Female,36,LHU,RKU,volunteering,11,2023-10-13T09:45:50Z
Stanley Cudde,Male,27,MPX,MUB,honeymoon,0,2023-07-03T03:01:58Z
Ulises Tredwell,Male,27,UKH,DRI,attending a conference,9,2024-02-09T10:12:53Z
Tiphany Rehme,Genderqueer,47,TDR,FJR,volunteering,12,2023-12-14T06:34:02Z
Marty Yexley,Male,50,BQW,CDV,business trip,11,2023-12-31T20:43:07Z
Stephanus Jizhaki,Male,60,UPV,MGM,backpacking adventure,9,2024-02-24T21:10:38Z
Nicolle Cuthill,Non-binary,43,PTX,HUY,attending a conference,12,2023-05-11T14:45:53Z
Rennie Souten,Female,55,BMN,IXW,honeymoon,11,2023-06-24T09:10:42Z
Ellyn Raistrick,Female,44,LMO,YZV,business trip,3,2023-11-06T22:40:03Z
Byron Painter,Male,21,LPJ,EAR,backpacking adventure,8,2024-03-08T04:40:42Z
Dyana Van der Krui,Female,45,TIZ,CWI,attending a conference,2,2024-01-11T11:25:09Z
Rebecca Tweedell,Female,44,MWB,UBJ,attending a conference,2,2024-01-02T00:10:08Z
Trip Harrison,Male,59,0,MCG,vacation,0,2023-05-21T03:04:37Z
Ted Bixley,Female,47,JGA,BTD,volunteering,7,2023-10-24T13:59:34Z
Gherardo Dunston,Male,26,ONJ,VAD,cultural exchange program,11,2024-04-06T06:58:37Z
Boris Woolnough,Male,54,VMI,KBC,vacation,15,2024-01-03T13:41:33Z
Filip Piatkow,Male,38,KLE,IHC,vacation,6,2023-07-26T01:26:20Z
Florence Halahan,Female,40,GGE,PTA,studying,11,2023-10-21T05:12:06Z
Art Wynch,Male,36,MAK,MNJ,backpacking adventure,6,2024-04-06T19:10:20Z
Muriel Ortell,Female,55,NIS,BPL,volunteering,1,2023-07-03T08:41:27Z
Rory Shower,Female,36,BWA,TPA,vacation,8,2023-06-19T11:09:38Z
Johnathon Lambarth,Male,48,SGG,PSS,studying,12,2023-08-06T16:07:59Z
Rasia Nunes Nabarro,Female,26,GUJ,HDN,volunteering,5,2023-06-18T00:09:11Z
Lawton Abberley,Male,35,FEZ,TAX,honeymoon,3,2023-11-01T07:26:55Z
Carlin Stichel,Agender,57,CNO,TCL,attending a conference,13,2024-03-03T19:19:17Z
Dag McCullogh,Male,20,HMR,0,cultural exchange program,8,2024-01-08T12:10:19Z
Tyson Partner,Male,26,HTI,EGX,volunteering,15,2023-05-21T22:42:55Z
Aurie Sweetmore,Female,26,CCH,ETR,volunteering,0,2023-09-02T19:04:22Z
Nichole Birkenhead,Female,44,YVA,BDP,honeymoon,10,2024-02-13T17:51:40Z
Maryann Fante,Female,58,OVA,UMC,volunteering,1,2023-07-27T17:59:59Z
D'arcy Perceval,Male,34,PRZ,QEF,backpacking adventure,4,2023-08-25T17:06:36Z
Lorelle Mungham,Female,39,HUN,ONU,volunteering,10,2024-04-06T00:22:21Z
Carey Fruchter,Male,45,XLU,YDG,volunteering,3,2024-01-29T18:38:49Z
Ernst Cakes,Male,44,MIN,PUQ,cultural exchange program,5,2023-06-06T22:31:15Z
Jeth Shearman,Male,45,HNL,ZIA,studying,4,2024-04-26T06:28:52Z
